KeyID,Year,MajorTopic,subTopicCode,Topic,Mood,Congress
1,1946,1,100,100,,79
2,1946,10,0,1000s,,79
3,1946,10,1001,1001,,79
4,1946,10,1002,1002,,79
5,1950,1,100,100,,81
6,1951,1,100,100,,82
7,1952,1,100,100,,82
8,1953,1,100,100,,83
9,1954,1,100,100,,83
10,1955,1,100,100,,84
11,1946,12,1200,1200,,79
12,1946,12,0,1200s,,79
13,1946,12,1203,1203,,79
14,1946,12,1210,1210,,79
15,1946,12,1211,1211,,79
16,1946,12,1212,1212,,79
17,1946,13,1300,1300,,79
18,1946,13,0,1300s,,79
19,1946,13,1302,1302,,79
20,1946,14,1403,1403,,79
21,1946,15,1500,1500,51.466,79
22,1946,15,0,1500s,52.664,79
23,1946,15,1525,1525,,79
24,1946,16,1600,1600,,79
25,1946,17,0,1700s,,79
26,1946,17,1701,1701,,79
27,1946,17,1798,1798,,79
28,1973,1,100,100,49.231,93
29,1946,20,2000,2000,,79
30,1946,20,0,2000s,43.705,79
31,1946,20,2004,2004,,79
32,1977,1,100,100,44.838,95
33,1978,1,100,100,41.916,95
34,1979,1,100,100,44.501,96
35,1980,1,100,100,47.56,96
36,1981,1,100,100,47.46,97
37,1982,1,100,100,46.98,97
38,1946,21,0,2100s,75.601,79
39,1946,21,2105,2105,77.294,79
40,1985,1,100,100,46.709,99
41,1986,1,100,100,45.307,99
42,1987,1,100,100,45.549,100
43,1988,1,100,100,46.004,100
44,1989,1,100,100,49.188,101
45,1990,1,100,100,52.245,101
46,1991,1,100,100,52.874,102
47,1992,1,100,100,50.639,102
48,1993,1,100,100,49.242,103
49,1994,1,100,100,47.832,103
50,1995,1,100,100,48.852,104
51,1996,1,100,100,44.67,104
52,1997,1,100,100,49.993,105
53,1998,1,100,100,51.938,105
54,1999,1,100,100,50.441,106
55,2000,1,100,100,48.314,106
56,2001,1,100,100,47.903,107
57,2002,1,100,100,45.688,107
58,2003,1,100,100,44.434,108
59,2004,1,100,100,45.683,108
60,2005,1,100,100,46.626,109
61,1946,99,,,,79
62,2007,1,100,100,46.857,110
63,1947,10,0,1000s,,80
64,1947,10,1001,1001,,80
65,1947,10,1002,1002,,80
66,2011,1,100,100,,112
67,1946,1,101,101,,79
68,1947,1,101,101,,80
69,1948,1,101,101,,80
70,1949,1,101,101,,81
71,1950,1,101,101,,81
72,1947,12,1200,1200,,80
73,1947,12,0,1200s,,80
74,1947,12,1203,1203,,80
75,1947,12,1210,1210,,80
76,1947,12,1211,1211,,80
77,1947,12,1212,1212,,80
78,1947,13,1300,1300,,80
79,1947,13,0,1300s,,80
80,1947,13,1302,1302,,80
81,1947,14,1403,1403,,80
82,1947,15,1500,1500,53.075,80
83,1947,15,0,1500s,55.113,80
84,1947,15,1525,1525,,80
85,1947,16,1600,1600,,80
86,1947,17,0,1700s,,80
87,1947,17,1701,1701,,80
88,1947,17,1798,1798,,80
89,1968,1,101,101,,90
90,1947,20,2000,2000,,80
91,1947,20,0,2000s,46.164,80
92,1947,20,2004,2004,,80
93,1972,1,101,101,,92
94,1973,1,101,101,,93
95,1974,1,101,101,47.406,93
96,1975,1,101,101,46.188,94
97,1976,1,101,101,46.203,94
98,1977,1,101,101,45.869,95
99,1947,21,0,2100s,77.191,80
100,1947,21,2105,2105,79.518,80
101,1980,1,101,101,44.796,96
102,1981,1,101,101,44.796,97
103,1982,1,101,101,45.971,97
104,1983,1,101,101,47.155,98
105,1984,1,101,101,47.164,98
106,1985,1,101,101,48.897,99
107,1986,1,101,101,57.094,99
108,1987,1,101,101,53.536,100
109,1988,1,101,101,51.232,100
110,1989,1,101,101,51.232,101
111,1990,1,101,101,48.755,101
112,1991,1,101,101,53.59,102
113,1992,1,101,101,51.475,102
114,1993,1,101,101,46.506,103
115,1994,1,101,101,45.655,103
116,1995,1,101,101,42.43,104
117,1996,1,101,101,42.265,104
118,1997,1,101,101,44.426,105
119,1998,1,101,101,44.872,105
120,1999,1,101,101,45.321,106
121,2000,1,101,101,45.182,106
122,1947,99,,,,80
123,2002,1,101,101,48.42,107
124,1948,10,0,1000s,,80
125,1948,10,1001,1001,,80
126,1948,10,1002,1002,,80
127,2006,1,101,101,48.441,109
128,2007,1,101,101,45.396,110
129,2008,1,101,101,45.395,110
130,2009,1,101,101,41.659,111
131,2010,1,101,101,41.684,111
132,2011,1,101,101,,112
133,1948,12,1200,1200,,80
134,1948,12,0,1200s,,80
135,1948,12,1203,1203,,80
136,1948,12,1210,1210,,80
137,1948,12,1211,1211,,80
138,1948,12,1212,1212,,80
139,1948,13,1300,1300,,80
140,1948,13,0,1300s,,80
141,1948,13,1302,1302,,80
142,1948,14,1403,1403,,80
143,1948,15,1500,1500,53.407,80
144,1948,15,0,1500s,55.463,80
145,1948,15,1525,1525,,80
146,1948,16,1600,1600,,80
147,1948,17,0,1700s,,80
148,1948,17,1701,1701,,80
149,1948,17,1798,1798,,80
150,1963,1,103,103,,88
151,1948,20,2000,2000,,80
152,1948,20,0,2000s,49.991,80
153,1948,20,2004,2004,,80
154,1967,1,103,103,59.818,90
155,1968,1,103,103,59.647,90
156,1969,1,103,103,56.313,91
157,1970,1,103,103,59.33,91
158,1971,1,103,103,65.418,92
159,1972,1,103,103,69.282,92
160,1948,21,0,2100s,79.619,80
161,1948,21,2105,2105,82.372,80
162,1975,1,103,103,64.61,94
163,1976,1,103,103,62.504,94
164,1977,1,103,103,63.489,95
165,1978,1,103,103,59.346,95
166,1979,1,103,103,56.238,96
167,1980,1,103,103,53.085,96
168,1981,1,103,103,50.565,97
169,1982,1,103,103,56.228,97
170,1983,1,103,103,62.708,98
171,1984,1,103,103,58.65,98
172,1985,1,103,103,55.068,99
173,1986,1,103,103,60.838,99
174,1987,1,103,103,55.942,100
175,1988,1,103,103,53.494,100
176,1989,1,103,103,59.847,101
177,1990,1,103,103,57.98,101
178,1991,1,103,103,60.397,102
179,1992,1,103,103,51.236,102
180,1993,1,103,103,54.672,103
181,1994,1,103,103,55.903,103
182,1995,1,103,103,56.519,104
183,1948,99,,,,80
184,1997,1,103,103,56.35,105
185,1949,10,0,1000s,,81
186,1949,10,1001,1001,,81
187,1949,10,1002,1002,,81
188,2001,1,103,103,59.537,107
189,2002,1,103,103,60.448,107
190,2003,1,103,103,60.904,108
191,2004,1,103,103,61.131,108
192,2005,1,103,103,61.245,109
193,2006,1,103,103,59.337,109
194,1949,12,1200,1200,,81
195,1949,12,0,1200s,,81
196,1949,12,1203,1203,,81
197,1949,12,1210,1210,,81
198,1949,12,1211,1211,,81
199,1949,12,1212,1212,,81
200,1949,13,1300,1300,,81
201,1949,13,0,1300s,,81
202,1949,13,1302,1302,,81
203,1949,14,1403,1403,,81
204,1949,15,1500,1500,54.851,81
205,1949,15,0,1500s,57.082,81
206,1949,15,1525,1525,,81
207,1949,16,1600,1600,,81
208,1949,17,0,1700s,,81
209,1949,17,1701,1701,,81
210,1949,17,1798,1798,,81
211,1958,1,105,105,,85
212,1949,20,2000,2000,,81
213,1949,20,0,2000s,53.517,81
214,1949,20,2004,2004,,81
215,1962,1,105,105,,87
216,1963,1,105,105,,88
217,1964,1,105,105,,88
218,1965,1,105,105,,89
219,1966,1,105,105,,89
220,1967,1,105,105,,90
221,1949,21,0,2100s,81.529,81
222,1949,21,2105,2105,84.538,81
223,1970,1,105,105,,91
224,1971,1,105,105,,92
225,1972,1,105,105,,92
226,1973,1,105,105,,93
227,1974,1,105,105,,93
228,1975,1,105,105,,94
229,1976,1,105,105,,94
230,1977,1,105,105,,95
231,1978,1,105,105,,95
232,1979,1,105,105,,96
233,1980,1,105,105,,96
234,1981,1,105,105,,97
235,1982,1,105,105,,97
236,1983,1,105,105,,98
237,1984,1,105,105,64.732,98
238,1985,1,105,105,72.321,99
239,1986,1,105,105,67.837,99
240,1987,1,105,105,67.183,100
241,1988,1,105,105,65.637,100
242,1989,1,105,105,64.21,101
243,1990,1,105,105,64.357,101
244,1949,99,,,,81
245,1992,1,105,105,65.45,102
246,1950,10,0,1000s,,81
247,1950,10,1001,1001,,81
248,1950,10,1002,1002,,81
249,1996,1,105,105,58.338,104
250,1997,1,105,105,56.384,105
251,1998,1,105,105,59.266,105
252,1999,1,105,105,61.26,106
253,2000,1,105,105,60.901,106
254,2001,1,105,105,61.078,107
255,1950,12,1200,1200,,81
256,1950,12,0,1200s,,81
257,1950,12,1203,1203,,81
258,1950,12,1210,1210,,81
259,1950,12,1211,1211,,81
260,1950,12,1212,1212,,81
261,1950,13,1300,1300,,81
262,1950,13,0,1300s,,81
263,1950,13,1302,1302,,81
264,1950,14,1403,1403,,81
265,1950,15,1500,1500,51.887,81
266,1950,15,0,1500s,52.634,81
267,1950,15,1525,1525,,81
268,1950,16,1600,1600,,81
269,1950,17,0,1700s,,81
270,1950,17,1701,1701,,81
271,1950,17,1798,1798,,81
272,1953,1,107,107,66.918,83
273,1950,20,2000,2000,,81
274,1950,20,0,2000s,54.862,81
275,1950,20,2004,2004,,81
276,1957,1,107,107,68.992,85
277,1958,1,107,107,70.991,85
278,1959,1,107,107,74.199,86
279,1960,1,107,107,76.271,86
280,1961,1,107,107,78.081,87
281,1962,1,107,107,77.919,87
282,1950,21,0,2100s,82.209,81
283,1950,21,2105,2105,85.095,81
284,1965,1,107,107,72.684,89
285,1966,1,107,107,73.594,89
286,1967,1,107,107,72.343,90
287,1968,1,107,107,69.244,90
288,1969,1,107,107,65.56,91
289,1970,1,107,107,65.762,91
290,1971,1,107,107,65.83,92
291,1972,1,107,107,65.852,92
292,1973,1,107,107,67.074,93
293,1974,1,107,107,68.232,93
294,1975,1,107,107,68.551,94
295,1976,1,107,107,69.494,94
296,1977,1,107,107,67.022,95
297,1978,1,107,107,65.939,95
298,1979,1,107,107,65.641,96
299,1980,1,107,107,65.142,96
300,1981,1,107,107,64.554,97
301,1982,1,107,107,63.926,97
302,1983,1,107,107,65.466,98
303,1984,1,107,107,67.742,98
304,1985,1,107,107,68.64,99
305,1950,99,,,,81
306,1987,1,107,107,69.709,100
307,1951,10,0,1000s,,82
308,1951,10,1001,1001,,82
309,1951,10,1002,1002,,82
310,1991,1,107,107,72.798,102
311,1992,1,107,107,73.352,102
312,1993,1,107,107,74.162,103
313,1994,1,107,107,69.988,103
314,1995,1,107,107,69.207,104
315,1996,1,107,107,69.339,104
316,1951,12,1200,1200,,82
317,1951,12,0,1200s,,82
318,1951,12,1203,1203,,82
319,1951,12,1210,1210,,82
320,1951,12,1211,1211,,82
321,1951,12,1212,1212,,82
322,1951,13,1300,1300,,82
323,1951,13,0,1300s,,82
324,1951,13,1302,1302,,82
325,1951,14,1403,1403,,82
326,1951,15,1500,1500,51.329,82
327,1951,15,0,1500s,52.255,82
328,1951,15,1525,1525,,82
329,1951,16,1600,1600,,82
330,1951,17,0,1700s,,82
331,1951,17,1701,1701,,82
332,1951,17,1798,1798,,82
333,1948,1,108,108,,80
334,1951,20,2000,2000,,82
335,1951,20,0,2000s,56.26,82
336,1951,20,2004,2004,,82
337,1952,1,108,108,,82
338,1953,1,108,108,,83
339,1954,1,108,108,,83
340,1955,1,108,108,,84
341,1956,1,108,108,,84
342,1957,1,108,108,,85
343,1951,21,0,2100s,82.929,82
344,1951,21,2105,2105,85.932,82
345,1960,1,108,108,,86
346,1961,1,108,108,,87
347,1962,1,108,108,,87
348,1963,1,108,108,,88
349,1964,1,108,108,,88
350,1965,1,108,108,,89
351,1966,1,108,108,,89
352,1967,1,108,108,,90
353,1968,1,108,108,,90
354,1969,1,108,108,,91
355,1970,1,108,108,,91
356,1971,1,108,108,,92
357,1972,1,108,108,,92
358,1973,1,108,108,,93
359,1974,1,108,108,,93
360,1975,1,108,108,,94
361,1976,1,108,108,,94
362,1977,1,108,108,,95
363,1978,1,108,108,,95
364,1979,1,108,108,,96
365,1980,1,108,108,,96
366,1951,99,,,,82
367,1982,1,108,108,,97
368,1952,10,0,1000s,,82
369,1952,10,1001,1001,,82
370,1952,10,1002,1002,,82
371,1986,1,108,108,72.156,99
372,1987,1,108,108,72.156,100
373,1988,1,108,108,72.156,100
374,1989,1,108,108,72.156,101
375,1990,1,108,108,78.005,101
376,1991,1,108,108,75.133,102
377,1952,12,1200,1200,,82
378,1952,12,0,1200s,,82
379,1952,12,1203,1203,,82
380,1952,12,1210,1210,,82
381,1952,12,1211,1211,,82
382,1952,12,1212,1212,,82
383,1952,13,1300,1300,,82
384,1952,13,0,1300s,,82
385,1952,13,1302,1302,,82
386,1952,14,1403,1403,,82
387,1952,15,1500,1500,51.231,82
388,1952,15,0,1500s,52.325,82
389,1952,15,1525,1525,,82
390,1952,16,1600,1600,,82
391,1952,17,0,1700s,,82
392,1952,17,1701,1701,,82
393,1952,17,1798,1798,,82
394,2009,1,108,108,,111
395,1952,20,2000,2000,,82
396,1952,20,0,2000s,57.583,82
397,1952,20,2004,2004,,82
398,1947,1,0,100s,60.077,80
399,1948,1,0,100s,60.377,80
400,1949,1,0,100s,62.277,81
401,1950,1,0,100s,61.162,81
402,1951,1,0,100s,62.988,82
403,1952,1,0,100s,54.563,82
404,1952,21,0,2100s,83.663,82
405,1952,21,2105,2105,86.729,82
406,1955,1,0,100s,56.885,84
407,1956,1,0,100s,58.666,84
408,1957,1,0,100s,56.58,85
409,1958,1,0,100s,59.447,85
410,1959,1,0,100s,62.042,86
411,1960,1,0,100s,66.448,86
412,1961,1,0,100s,66.247,87
413,1962,1,0,100s,65.518,87
414,1963,1,0,100s,62.486,88
415,1964,1,0,100s,60.071,88
416,1965,1,0,100s,59.614,89
417,1966,1,0,100s,60.287,89
418,1967,1,0,100s,59.726,90
419,1968,1,0,100s,56.525,90
420,1969,1,0,100s,53.238,91
421,1970,1,0,100s,56.446,91
422,1971,1,0,100s,60.879,92
423,1972,1,0,100s,62.357,92
424,1973,1,0,100s,58.153,93
425,1974,1,0,100s,58.138,93
426,1975,1,0,100s,56.805,94
427,1952,99,,,,82
428,1977,1,0,100s,55.417,95
429,1953,10,0,1000s,,83
430,1953,10,1001,1001,,83
431,1953,10,1002,1002,,83
432,1981,1,0,100s,51.888,97
433,1982,1,0,100s,52.796,97
434,1983,1,0,100s,54.425,98
435,1984,1,0,100s,56.575,98
436,1985,1,0,100s,56.755,99
437,1986,1,0,100s,59.937,99
438,1953,12,1200,1200,,83
439,1953,12,0,1200s,52.33,83
440,1953,12,1203,1203,,83
441,1953,12,1210,1210,20.716,83
442,1953,12,1211,1211,,83
443,1953,12,1212,1212,,83
444,1953,13,1300,1300,,83
445,1953,13,0,1300s,,83
446,1953,13,1302,1302,,83
447,1953,14,1403,1403,,83
448,1953,15,1500,1500,48.289,83
449,1953,15,0,1500s,49.054,83
450,1953,15,1525,1525,,83
451,1953,16,1600,1600,,83
452,1953,17,0,1700s,,83
453,1953,17,1701,1701,,83
454,1953,17,1798,1798,,83
455,2004,1,0,100s,63.357,108
456,1953,20,2000,2000,,83
457,1953,20,0,2000s,56.701,83
458,1953,20,2004,2004,,83
459,2008,1,0,100s,63.387,110
460,2009,1,0,100s,66.854,111
461,2010,1,0,100s,66.543,111
462,2011,1,0,100s,66.035,112
463,1946,2,200,200,,79
464,1947,2,200,200,,80
465,1953,21,0,2100s,82.86,83
466,1953,21,2105,2105,85.477,83
467,1950,2,200,200,,81
468,1951,2,200,200,,82
469,1952,2,200,200,,82
470,1953,2,200,200,,83
471,1954,2,200,200,,83
472,1955,2,200,200,,84
473,1956,2,200,200,,84
474,1957,2,200,200,,85
475,1958,2,200,200,,85
476,1959,2,200,200,,86
477,1960,2,200,200,,86
478,1961,2,200,200,,87
479,1962,2,200,200,,87
480,1963,2,200,200,,88
481,1964,2,200,200,43.639,88
482,1965,2,200,200,43.614,89
483,1966,2,200,200,43.582,89
484,1967,2,200,200,43.907,90
485,1968,2,200,200,44.349,90
486,1969,2,200,200,45.695,91
487,1970,2,200,200,47.299,91
488,1953,99,,,,83
489,1972,2,200,200,47.06,92
490,1954,10,0,1000s,,83
491,1954,10,1001,1001,,83
492,1954,10,1002,1002,,83
493,1976,2,200,200,47.577,94
494,1977,2,200,200,51.202,95
495,1978,2,200,200,52.639,95
496,1979,2,200,200,50.261,96
497,1980,2,200,200,50.101,96
498,1981,2,200,200,51.598,97
499,1954,12,1200,1200,,83
500,1954,12,0,1200s,55.493,83
501,1954,12,1203,1203,,83
502,1954,12,1210,1210,22.904,83
503,1954,12,1211,1211,,83
504,1954,12,1212,1212,,83
505,1954,13,1300,1300,,83
506,1954,13,0,1300s,,83
507,1954,13,1302,1302,,83
508,1954,14,1403,1403,,83
509,1954,15,1500,1500,48.749,83
510,1954,15,0,1500s,49.632,83
511,1954,15,1525,1525,,83
512,1954,16,1600,1600,,83
513,1954,17,0,1700s,,83
514,1954,17,1701,1701,,83
515,1954,17,1798,1798,,83
516,1999,2,200,200,50.219,106
517,1954,20,2000,2000,,83
518,1954,20,0,2000s,58.728,83
519,1954,20,2004,2004,,83
520,2003,2,200,200,51.421,108
521,2004,2,200,200,51.863,108
522,2005,2,200,200,54.765,109
523,2006,2,200,200,54.952,109
524,2007,2,200,200,54.53,110
525,2008,2,200,200,56.974,110
526,1954,21,0,2100s,84.259,83
527,1954,21,2105,2105,87.517,83
528,2011,2,200,200,62.89,112
529,1946,2,201,201,39.741,79
530,1947,2,201,201,40.913,80
531,1948,2,201,201,42.447,80
532,1949,2,201,201,44.073,81
533,1950,2,201,201,44.812,81
534,1951,2,201,201,45.584,82
535,1952,2,201,201,46.216,82
536,1953,2,201,201,45.945,83
537,1954,2,201,201,46.799,83
538,1955,2,201,201,47.379,84
539,1956,2,201,201,45.923,84
540,1957,2,201,201,45.453,85
541,1958,2,201,201,46.996,85
542,1959,2,201,201,47.695,86
543,1960,2,201,201,48.719,86
544,1961,2,201,201,49.218,87
545,1962,2,201,201,49.461,87
546,1963,2,201,201,49.049,88
547,1964,2,201,201,51.606,88
548,1965,2,201,201,50.738,89
549,1954,99,,,,83
550,1967,2,201,201,49.505,90
551,1955,10,0,1000s,,84
552,1955,10,1001,1001,,84
553,1955,10,1002,1002,,84
554,1971,2,201,201,54.86,92
555,1972,2,201,201,54.302,92
556,1973,2,201,201,53.777,93
557,1974,2,201,201,53.351,93
558,1975,2,201,201,51.57,94
559,1976,2,201,201,50.671,94
560,1955,12,1200,1200,,84
561,1955,12,0,1200s,56.628,84
562,1955,12,1203,1203,,84
563,1955,12,1210,1210,23.894,84
564,1955,12,1211,1211,,84
565,1955,12,1212,1212,,84
566,1955,13,1300,1300,,84
567,1955,13,0,1300s,,84
568,1955,13,1302,1302,,84
569,1955,14,1403,1403,,84
570,1955,15,1500,1500,49.938,84
571,1955,15,0,1500s,50.56,84
572,1955,15,1525,1525,,84
573,1955,16,1600,1600,,84
574,1955,17,0,1700s,,84
575,1955,17,1701,1701,,84
576,1955,17,1798,1798,,84
577,1994,2,201,201,56.462,103
578,1955,20,2000,2000,,84
579,1955,20,0,2000s,59.94,84
580,1955,20,2004,2004,,84
581,1998,2,201,201,56.358,105
582,1999,2,201,201,56.55,106
583,2000,2,201,201,56.853,106
584,2001,2,201,201,56.94,107
585,2002,2,201,201,56.284,107
586,2003,2,201,201,57.968,108
587,1955,21,0,2100s,84.87,84
588,1955,21,2105,2105,88.094,84
589,2006,2,201,201,59.245,109
590,2007,2,201,201,61.963,110
591,2008,2,201,201,61.324,110
592,2009,2,201,201,60.619,111
593,2010,2,201,201,59.587,111
594,2011,2,201,201,,112
595,1946,2,202,202,,79
596,1947,2,202,202,,80
597,1948,2,202,202,,80
598,1949,2,202,202,,81
599,1950,2,202,202,,81
600,1951,2,202,202,,82
601,1952,2,202,202,,82
602,1953,2,202,202,,83
603,1954,2,202,202,,83
604,1955,2,202,202,,84
605,1956,2,202,202,,84
606,1957,2,202,202,,85
607,1958,2,202,202,,85
608,1959,2,202,202,,86
609,1960,2,202,202,,86
610,1955,99,,,,84
611,1962,2,202,202,,87
612,1956,10,0,1000s,,84
613,1956,10,1001,1001,,84
614,1956,10,1002,1002,,84
615,1966,2,202,202,,89
616,1967,2,202,202,,90
617,1968,2,202,202,,90
618,1969,2,202,202,,91
619,1970,2,202,202,,91
620,1971,2,202,202,,92
621,1956,12,1200,1200,,84
622,1956,12,0,1200s,59.727,84
623,1956,12,1203,1203,,84
624,1956,12,1210,1210,26.977,84
625,1956,12,1211,1211,,84
626,1956,12,1212,1212,,84
627,1956,13,1300,1300,,84
628,1956,13,0,1300s,,84
629,1956,13,1302,1302,,84
630,1956,14,1403,1403,,84
631,1956,15,1500,1500,52.639,84
632,1956,15,0,1500s,54.477,84
633,1956,15,1525,1525,,84
634,1956,16,1600,1600,,84
635,1956,17,0,1700s,,84
636,1956,17,1701,1701,,84
637,1956,17,1798,1798,,84
638,1989,2,202,202,60.456,101
639,1956,20,2000,2000,,84
640,1956,20,0,2000s,58.481,84
641,1956,20,2004,2004,,84
642,1993,2,202,202,65.941,103
643,1994,2,202,202,64.788,103
644,1995,2,202,202,63.512,104
645,1996,2,202,202,64.245,104
646,1997,2,202,202,66.694,105
647,1998,2,202,202,69.595,105
648,1956,21,0,2100s,83.784,84
649,1956,21,2105,2105,86.421,84
650,2001,2,202,202,69.45,107
651,2002,2,202,202,69.829,107
652,2003,2,202,202,69.612,108
653,2004,2,202,202,69.973,108
654,2005,2,202,202,70.351,109
655,2006,2,202,202,72.047,109
656,2007,2,202,202,73.648,110
657,2008,2,202,202,72.097,110
658,2009,2,202,202,73.757,111
659,2010,2,202,202,74.182,111
660,2011,2,202,202,,112
661,1946,2,207,207,,79
662,1947,2,207,207,,80
663,1948,2,207,207,,80
664,1949,2,207,207,,81
665,1950,2,207,207,,81
666,1951,2,207,207,,82
667,1952,2,207,207,,82
668,1953,2,207,207,,83
669,1954,2,207,207,,83
670,1955,2,207,207,,84
671,1956,99,,,,84
672,1957,2,207,207,,85
673,1957,10,0,1000s,,85
674,1957,10,1001,1001,,85
675,1957,10,1002,1002,,85
676,1961,2,207,207,,87
677,1962,2,207,207,,87
678,1963,2,207,207,,88
679,1964,2,207,207,34.692,88
680,1965,2,207,207,33.73,89
681,1966,2,207,207,33.249,89
682,1957,12,1200,1200,,85
683,1957,12,0,1200s,64.235,85
684,1957,12,1203,1203,,85
685,1957,12,1210,1210,30.802,85
686,1957,12,1211,1211,,85
687,1957,12,1212,1212,,85
688,1957,13,1300,1300,,85
689,1957,13,0,1300s,,85
690,1957,13,1302,1302,,85
691,1957,14,1403,1403,,85
692,1957,15,1500,1500,53.23,85
693,1957,15,0,1500s,55.137,85
694,1957,15,1525,1525,,85
695,1957,16,1600,1600,,85
696,1957,17,0,1700s,,85
697,1957,17,1701,1701,,85
698,1957,17,1798,1798,,85
699,1984,2,207,207,37.854,98
700,1957,20,2000,2000,,85
701,1957,20,0,2000s,56.062,85
702,1957,20,2004,2004,,85
703,1988,2,207,207,37.403,100
704,1989,2,207,207,38.457,101
705,1990,2,207,207,38.705,101
706,1991,2,207,207,38.593,102
707,1992,2,207,207,41.896,102
708,1993,2,207,207,39.753,103
709,1957,21,0,2100s,82.159,85
710,1957,21,2105,2105,84.49,85
711,1996,2,207,207,39.254,104
712,1997,2,207,207,38.258,105
713,1998,2,207,207,40.318,105
714,1999,2,207,207,36.549,106
715,2000,2,207,207,36.923,106
716,2001,2,207,207,37.113,107
717,2002,2,207,207,37.109,107
718,2003,2,207,207,37.623,108
719,2004,2,207,207,36.489,108
720,2005,2,207,207,37.853,109
721,2006,2,207,207,40.058,109
722,2007,2,207,207,40.61,110
723,2008,2,207,207,40.141,110
724,2009,2,207,207,40.411,111
725,2010,2,207,207,41.065,111
726,2011,2,207,207,,112
727,1946,2,208,208,,79
728,1947,2,208,208,,80
729,1948,2,208,208,,80
730,1949,2,208,208,,81
731,1950,2,208,208,,81
732,1957,99,,,,85
733,1952,2,208,208,,82
734,1958,10,0,1000s,,85
735,1958,10,1001,1001,,85
736,1958,10,1002,1002,,85
737,1956,2,208,208,,84
738,1957,2,208,208,,85
739,1958,2,208,208,,85
740,1959,2,208,208,64.926,86
741,1960,2,208,208,64.753,86
742,1961,2,208,208,64.481,87
743,1958,12,1200,1200,,85
744,1958,12,0,1200s,60.764,85
745,1958,12,1203,1203,,85
746,1958,12,1210,1210,31.167,85
747,1958,12,1211,1211,,85
748,1958,12,1212,1212,,85
749,1958,13,1300,1300,,85
750,1958,13,0,1300s,,85
751,1958,13,1302,1302,,85
752,1958,14,1403,1403,,85
753,1958,15,1500,1500,53.363,85
754,1958,15,0,1500s,55.28,85
755,1958,15,1525,1525,,85
756,1958,16,1600,1600,,85
757,1958,17,0,1700s,,85
758,1958,17,1701,1701,,85
759,1958,17,1798,1798,,85
760,1979,2,208,208,64.318,96
761,1958,20,2000,2000,,85
762,1958,20,0,2000s,59.087,85
763,1958,20,2004,2004,,85
764,1983,2,208,208,62.866,98
765,1984,2,208,208,63.067,98
766,1985,2,208,208,62.232,99
767,1986,2,208,208,63.75,99
768,1987,2,208,208,62.641,100
769,1988,2,208,208,62.22,100
770,1958,21,0,2100s,84.343,85
771,1958,21,2105,2105,87.727,85
772,1991,2,208,208,67.038,102
773,1992,2,208,208,69.791,102
774,1993,2,208,208,69.266,103
775,1994,2,208,208,67.557,103
776,1995,2,208,208,69.322,104
777,1996,2,208,208,67.923,104
778,1997,2,208,208,66.248,105
779,1998,2,208,208,64.652,105
780,1999,2,208,208,64.733,106
781,2000,2,208,208,63.534,106
782,2001,2,208,208,63.834,107
783,2002,2,208,208,63.082,107
784,2003,2,208,208,63.046,108
785,2004,2,208,208,61.933,108
786,2005,2,208,208,63.446,109
787,2006,2,208,208,62.418,109
788,2007,2,208,208,61.827,110
789,2008,2,208,208,62.216,110
790,2009,2,208,208,60.91,111
791,2010,2,208,208,60.058,111
792,2011,2,208,208,58.022,112
793,1958,99,,,,85
794,1947,2,210,210,,80
795,1959,10,0,1000s,,86
796,1959,10,1001,1001,,86
797,1959,10,1002,1002,,86
798,1951,2,210,210,,82
799,1952,2,210,210,,82
800,1953,2,210,210,,83
801,1954,2,210,210,,83
802,1955,2,210,210,,84
803,1956,2,210,210,,84
804,1959,12,1200,1200,,86
805,1959,12,0,1200s,59.509,86
806,1959,12,1203,1203,,86
807,1959,12,1210,1210,31.226,86
808,1959,12,1211,1211,,86
809,1959,12,1212,1212,72.797,86
810,1959,13,1300,1300,,86
811,1959,13,0,1300s,,86
812,1959,13,1302,1302,,86
813,1959,14,1403,1403,,86
814,1959,15,1500,1500,53.394,86
815,1959,15,0,1500s,55.324,86
816,1959,15,1525,1525,,86
817,1959,16,1600,1600,,86
818,1959,17,0,1700s,,86
819,1959,17,1701,1701,,86
820,1959,17,1798,1798,,86
821,1974,2,210,210,,93
822,1959,20,2000,2000,,86
823,1959,20,0,2000s,59.715,86
824,1959,20,2004,2004,,86
825,1978,2,210,210,,95
826,1979,2,210,210,,96
827,1980,2,210,210,,96
828,1981,2,210,210,,97
829,1982,2,210,210,,97
830,1983,2,210,210,,98
831,1959,21,0,2100s,84.921,86
832,1959,21,2105,2105,,86
833,1986,2,210,210,,99
834,1987,2,210,210,39.853,100
835,1988,2,210,210,40.096,100
836,1989,2,210,210,41.671,101
837,1990,2,210,210,41.153,101
838,1991,2,210,210,45.717,102
839,1992,2,210,210,45.277,102
840,1993,2,210,210,48.187,103
841,1994,2,210,210,46.79,103
842,1995,2,210,210,44.313,104
843,1996,2,210,210,44.016,104
844,1997,2,210,210,48.761,105
845,1998,2,210,210,48.696,105
846,1999,2,210,210,49.023,106
847,2000,2,210,210,51.982,106
848,2001,2,210,210,50.89,107
849,2002,2,210,210,48.666,107
850,2003,2,210,210,48.74,108
851,2004,2,210,210,51.036,108
852,2005,2,210,210,53.163,109
853,2006,2,210,210,52.416,109
854,1959,99,,,65.089,86
855,2008,2,210,210,55.54,110
856,1960,10,0,1000s,,86
857,1960,10,1001,1001,,86
858,1960,10,1002,1002,,86
859,1946,2,211,211,,79
860,1947,2,211,211,,80
861,1948,2,211,211,,80
862,1949,2,211,211,,81
863,1950,2,211,211,,81
864,1951,2,211,211,,82
865,1960,12,1200,1200,,86
866,1960,12,0,1200s,61.391,86
867,1960,12,1203,1203,,86
868,1960,12,1210,1210,29.995,86
869,1960,12,1211,1211,,86
870,1960,12,1212,1212,75.187,86
871,1960,13,1300,1300,,86
872,1960,13,0,1300s,,86
873,1960,13,1302,1302,,86
874,1960,14,1403,1403,,86
875,1960,15,1500,1500,53.402,86
876,1960,15,0,1500s,55.342,86
877,1960,15,1525,1525,,86
878,1960,16,1600,1600,28.681,86
879,1960,17,0,1700s,,86
880,1960,17,1701,1701,,86
881,1960,17,1798,1798,,86
882,1969,2,211,211,,91
883,1960,20,2000,2000,,86
884,1960,20,0,2000s,59.952,86
885,1960,20,2004,2004,,86
886,1973,2,211,211,,93
887,1974,2,211,211,,93
888,1975,2,211,211,,94
889,1976,2,211,211,,94
890,1977,2,211,211,,95
891,1978,2,211,211,,95
892,1960,21,0,2100s,85.074,86
893,1960,21,2105,2105,,86
894,1981,2,211,211,,97
895,1982,2,211,211,,97
896,1983,2,211,211,,98
897,1984,2,211,211,,98
898,1985,2,211,211,,99
899,1986,2,211,211,,99
900,1987,2,211,211,,100
901,1988,2,211,211,,100
902,1989,2,211,211,,101
903,1990,2,211,211,,101
904,1991,2,211,211,,102
905,1992,2,211,211,,102
906,1993,2,211,211,45.595,103
907,1994,2,211,211,55.304,103
908,1995,2,211,211,56.637,104
909,1996,2,211,211,67.791,104
910,1997,2,211,211,71.933,105
911,1998,2,211,211,72.46,105
912,1999,2,211,211,72.528,106
913,2000,2,211,211,75.732,106
914,2001,2,211,211,66.388,107
915,1960,99,,,64.9,86
916,2003,2,211,211,72.189,108
917,1961,10,0,1000s,,87
918,1961,10,1001,1001,,87
919,1961,10,1002,1002,,87
920,2007,2,211,211,83.292,110
921,2008,2,211,211,79.746,110
922,2009,2,211,211,81.225,111
923,2010,2,211,211,76.433,111
924,2011,2,211,211,,112
925,1946,2,212,212,,79
926,1961,12,1200,1200,,87
927,1961,12,0,1200s,56.418,87
928,1961,12,1203,1203,,87
929,1961,12,1210,1210,31.025,87
930,1961,12,1211,1211,,87
931,1961,12,1212,1212,76.239,87
932,1961,13,1300,1300,,87
933,1961,13,0,1300s,,87
934,1961,13,1302,1302,,87
935,1961,14,1403,1403,,87
936,1961,15,1500,1500,53.404,87
937,1961,15,0,1500s,55.35,87
938,1961,15,1525,1525,,87
939,1961,16,1600,1600,46.649,87
940,1961,17,0,1700s,,87
941,1961,17,1701,1701,,87
942,1961,17,1798,1798,,87
943,1964,2,212,212,,88
944,1961,20,2000,2000,,87
945,1961,20,0,2000s,60.042,87
946,1961,20,2004,2004,,87
947,1968,2,212,212,,90
948,1969,2,212,212,,91
949,1970,2,212,212,,91
950,1971,2,212,212,,92
951,1972,2,212,212,,92
952,1973,2,212,212,,93
953,1961,21,0,2100s,85.115,87
954,1961,21,2105,2105,,87
955,1976,2,212,212,,94
956,1977,2,212,212,63.53,95
957,1978,2,212,212,64.667,95
958,1979,2,212,212,64.667,96
959,1980,2,212,212,64.667,96
960,1981,2,212,212,64.667,97
961,1982,2,212,212,65.322,97
962,1983,2,212,212,69.245,98
963,1984,2,212,212,72.721,98
964,1985,2,212,212,73.004,99
965,1986,2,212,212,73.122,99
966,1987,2,212,212,73.172,100
967,1988,2,212,212,73.193,100
968,1989,2,212,212,74.816,101
969,1990,2,212,212,76.413,101
970,1991,2,212,212,76.699,102
971,1992,2,212,212,77.346,102
972,1993,2,212,212,78.857,103
973,1994,2,212,212,79.626,103
974,1995,2,212,212,79.753,104
975,1996,2,212,212,80.695,104
976,1961,99,,,64.646,87
977,1998,2,212,212,83.368,105
978,1962,10,0,1000s,,87
979,1962,10,1001,1001,,87
980,1962,10,1002,1002,,87
981,2002,2,212,212,83.705,107
982,2003,2,212,212,83.786,108
983,2004,2,212,212,85.509,108
984,2005,2,212,212,83.368,109
985,2006,2,212,212,84.226,109
986,2007,2,212,212,84.816,110
987,1962,12,1200,1200,,87
988,1962,12,0,1200s,54.639,87
989,1962,12,1203,1203,,87
990,1962,12,1210,1210,31.544,87
991,1962,12,1211,1211,,87
992,1962,12,1212,1212,76.702,87
993,1962,13,1300,1300,,87
994,1962,13,0,1300s,,87
995,1962,13,1302,1302,,87
996,1962,14,1403,1403,,87
997,1962,15,1500,1500,55.412,87
998,1962,15,0,1500s,57.644,87
999,1962,15,1525,1525,,87
1000,1962,16,1600,1600,47.444,87
1001,1962,17,0,1700s,,87
1002,1962,17,1701,1701,,87
1003,1962,17,1798,1798,,87
1004,1959,2,213,213,,86
1005,1962,20,2000,2000,,87
1006,1962,20,0,2000s,60.077,87
1007,1962,20,2004,2004,,87
1008,1963,2,213,213,,88
1009,1964,2,213,213,,88
1010,1965,2,213,213,,89
1011,1966,2,213,213,,89
1012,1967,2,213,213,,90
1013,1968,2,213,213,,90
1014,1962,21,0,2100s,85.127,87
1015,1962,21,2105,2105,,87
1016,1971,2,213,213,,92
1017,1972,2,213,213,,92
1018,1973,2,213,213,,93
1019,1974,2,213,213,,93
1020,1975,2,213,213,,94
1021,1976,2,213,213,,94
1022,1977,2,213,213,45.478,95
1023,1978,2,213,213,46.088,95
1024,1979,2,213,213,46.201,96
1025,1980,2,213,213,46.222,96
1026,1981,2,213,213,46.226,97
1027,1982,2,213,213,46.801,97
1028,1983,2,213,213,49.313,98
1029,1984,2,213,213,48.983,98
1030,1985,2,213,213,48.92,99
1031,1986,2,213,213,48.907,99
1032,1987,2,213,213,48.905,100
1033,1988,2,213,213,49.138,100
1034,1989,2,213,213,51.846,101
1035,1990,2,213,213,50.553,101
1036,1991,2,213,213,54.757,102
1037,1962,99,,,60.937,87
1038,1993,2,213,213,55.762,103
1039,1963,10,0,1000s,,88
1040,1963,10,1001,1001,,88
1041,1963,10,1002,1002,,88
1042,1997,2,213,213,57.417,105
1043,1998,2,213,213,58.946,105
1044,1999,2,213,213,58.144,106
1045,2000,2,213,213,61.707,106
1046,2001,2,213,213,59.351,107
1047,2002,2,213,213,58.222,107
1048,1963,12,1200,1200,,88
1049,1963,12,0,1200s,53.081,88
1050,1963,12,1203,1203,,88
1051,1963,12,1210,1210,31.795,88
1052,1963,12,1211,1211,,88
1053,1963,12,1212,1212,78.951,88
1054,1963,13,1300,1300,,88
1055,1963,13,0,1300s,,88
1056,1963,13,1302,1302,,88
1057,1963,14,1403,1403,,88
1058,1963,15,1500,1500,55.363,88
1059,1963,15,0,1500s,57.806,88
1060,1963,15,1525,1525,,88
1061,1963,16,1600,1600,47.479,88
1062,1963,17,0,1700s,,88
1063,1963,17,1701,1701,,88
1064,1963,17,1798,1798,,88
1065,1954,2,0,200s,56.805,83
1066,1963,20,2000,2000,,88
1067,1963,20,0,2000s,60.09,88
1068,1963,20,2004,2004,,88
1069,1958,2,0,200s,58.902,85
1070,1959,2,0,200s,60.711,86
1071,1960,2,0,200s,62.374,86
1072,1961,2,0,200s,61.894,87
1073,1962,2,0,200s,57.627,87
1074,1963,2,0,200s,57.265,88
1075,1963,21,0,2100s,85.13,88
1076,1963,21,2105,2105,,88
1077,1966,2,0,200s,56.611,89
1078,1967,2,0,200s,58.518,90
1079,1968,2,0,200s,59.751,90
1080,1969,2,0,200s,59.229,91
1081,1970,2,0,200s,59.932,91
1082,1971,2,0,200s,62.867,92
1083,1972,2,0,200s,60.254,92
1084,1973,2,0,200s,61.389,93
1085,1974,2,0,200s,61.413,93
1086,1975,2,0,200s,58.918,94
1087,1976,2,0,200s,58.889,94
1088,1977,2,0,200s,59.045,95
1089,1978,2,0,200s,56.883,95
1090,1979,2,0,200s,53.682,96
1091,1980,2,0,200s,54.825,96
1092,1981,2,0,200s,51.216,97
1093,1982,2,0,200s,54.002,97
1094,1983,2,0,200s,54.276,98
1095,1984,2,0,200s,53.575,98
1096,1985,2,0,200s,52.331,99
1097,1986,2,0,200s,53.244,99
1098,1963,99,,,61.445,88
1099,1988,2,0,200s,51.837,100
1100,1964,10,0,1000s,,88
1101,1964,10,1001,1001,,88
1102,1964,10,1002,1002,,88
1103,1992,2,0,200s,55.557,102
1104,1993,2,0,200s,55.885,103
1105,1994,2,0,200s,54.604,103
1106,1995,2,0,200s,55.939,104
1107,1996,2,0,200s,55.516,104
1108,1997,2,0,200s,53.49,105
1109,1964,12,1200,1200,,88
1110,1964,12,0,1200s,58.722,88
1111,1964,12,1203,1203,,88
1112,1964,12,1210,1210,31.913,88
1113,1964,12,1211,1211,,88
1114,1964,12,1212,1212,75.949,88
1115,1964,13,1300,1300,,88
1116,1964,13,0,1300s,54.084,88
1117,1964,13,1302,1302,51.582,88
1118,1964,14,1403,1403,,88
1119,1964,15,1500,1500,51.866,88
1120,1964,15,0,1500s,53.333,88
1121,1964,15,1525,1525,,88
1122,1964,16,1600,1600,47.48,88
1123,1964,17,0,1700s,,88
1124,1964,17,1701,1701,,88
1125,1964,17,1798,1798,,88
1126,1949,3,301,301,,81
1127,1964,20,2000,2000,55.823,88
1128,1964,20,0,2000s,59.685,88
1129,1964,20,2004,2004,,88
1130,1953,3,301,301,,83
1131,1954,3,301,301,,83
1132,1955,3,301,301,,84
1133,1956,3,301,301,62.933,84
1134,1957,3,301,301,66.68,85
1135,1958,3,301,301,67.151,85
1136,1964,21,0,2100s,85.13,88
1137,1964,21,2105,2105,,88
1138,1961,3,301,301,69.898,87
1139,1962,3,301,301,67.889,87
1140,1963,3,301,301,67.819,88
1141,1964,3,301,301,67.815,88
1142,1965,3,301,301,69.891,89
1143,1966,3,301,301,67.683,89
1144,1967,3,301,301,70.143,90
1145,1968,3,301,301,73.869,90
1146,1969,3,301,301,75.623,91
1147,1970,3,301,301,76.644,91
1148,1971,3,301,301,76.677,92
1149,1972,3,301,301,76.711,92
1150,1973,3,301,301,74.931,93
1151,1974,3,301,301,75.515,93
1152,1975,3,301,301,72.095,94
1153,1976,3,301,301,71.551,94
1154,1977,3,301,301,71.03,95
1155,1978,3,301,301,70.062,95
1156,1979,3,301,301,69.64,96
1157,1980,3,301,301,68.216,96
1158,1981,3,301,301,69.484,97
1159,1964,99,,,65.772,88
1160,1983,3,301,301,71.526,98
1161,1965,10,0,1000s,,89
1162,1965,10,1001,1001,,89
1163,1965,10,1002,1002,,89
1164,1987,3,301,301,77.285,100
1165,1988,3,301,301,76.757,100
1166,1989,3,301,301,77.861,101
1167,1990,3,301,301,78.876,101
1168,1991,3,301,301,78.51,102
1169,1992,3,301,301,81.967,102
1170,1965,12,1200,1200,,89
1171,1965,12,0,1200s,64.037,89
1172,1965,12,1203,1203,,89
1173,1965,12,1210,1210,33.909,89
1174,1965,12,1211,1211,,89
1175,1965,12,1212,1212,71.166,89
1176,1965,13,1300,1300,,89
1177,1965,13,0,1300s,51.2,89
1178,1965,13,1302,1302,48.287,89
1179,1965,14,1403,1403,53.979,89
1180,1965,15,1500,1500,52.631,89
1181,1965,15,0,1500s,54.61,89
1182,1965,15,1525,1525,,89
1183,1965,16,1600,1600,47.481,89
1184,1965,17,0,1700s,,89
1185,1965,17,1701,1701,,89
1186,1965,17,1798,1798,,89
1187,2010,3,301,301,63.514,111
1188,1965,20,2000,2000,51.996,89
1189,1965,20,0,2000s,57.266,89
1190,1965,20,2004,2004,,89
1191,1948,3,331,331,,80
1192,1949,3,331,331,,81
1193,1950,3,331,331,,81
1194,1951,3,331,331,,82
1195,1952,3,331,331,,82
1196,1953,3,331,331,,83
1197,1965,21,0,2100s,85.131,89
1198,1965,21,2105,2105,,89
1199,1956,3,331,331,,84
1200,1957,3,331,331,,85
1201,1958,3,331,331,,85
1202,1959,3,331,331,,86
1203,1960,3,331,331,,86
1204,1961,3,331,331,,87
1205,1962,3,331,331,,87
1206,1963,3,331,331,,88
1207,1964,3,331,331,,88
1208,1965,3,331,331,,89
1209,1966,3,331,331,,89
1210,1967,3,331,331,,90
1211,1968,3,331,331,,90
1212,1969,3,331,331,,91
1213,1970,3,331,331,,91
1214,1971,3,331,331,,92
1215,1972,3,331,331,,92
1216,1973,3,331,331,,93
1217,1974,3,331,331,,93
1218,1975,3,331,331,,94
1219,1976,3,331,331,,94
1220,1965,99,,,67.362,89
1221,1978,3,331,331,,95
1222,1966,10,0,1000s,,89
1223,1966,10,1001,1001,,89
1224,1966,10,1002,1002,,89
1225,1982,3,331,331,,97
1226,1983,3,331,331,,98
1227,1984,3,331,331,,98
1228,1985,3,331,331,,99
1229,1986,3,331,331,,99
1230,1987,3,331,331,,100
1231,1966,12,1200,1200,,89
1232,1966,12,0,1200s,70.399,89
1233,1966,12,1203,1203,,89
1234,1966,12,1210,1210,36.393,89
1235,1966,12,1211,1211,,89
1236,1966,12,1212,1212,63.211,89
1237,1966,13,1300,1300,,89
1238,1966,13,0,1300s,47.443,89
1239,1966,13,1302,1302,43.904,89
1240,1966,14,1403,1403,52.07,89
1241,1966,15,1500,1500,50.905,89
1242,1966,15,0,1500s,52.155,89
1243,1966,15,1525,1525,,89
1244,1966,16,1600,1600,47.481,89
1245,1966,17,0,1700s,,89
1246,1966,17,1701,1701,,89
1247,1966,17,1798,1798,,89
1248,2005,3,331,331,,109
1249,1966,20,2000,2000,47.709,89
1250,1966,20,0,2000s,54.206,89
1251,1966,20,2004,2004,,89
1252,2009,3,331,331,,111
1253,2010,3,331,331,,111
1254,2011,3,331,331,,112
1255,1946,3,398,398,,79
1256,1947,3,398,398,,80
1257,1948,3,398,398,,80
1258,1966,21,0,2100s,85.131,89
1259,1966,21,2105,2105,,89
1260,1951,3,398,398,,82
1261,1952,3,398,398,,82
1262,1953,3,398,398,,83
1263,1954,3,398,398,,83
1264,1955,3,398,398,,84
1265,1956,3,398,398,,84
1266,1957,3,398,398,,85
1267,1958,3,398,398,,85
1268,1959,3,398,398,,86
1269,1960,3,398,398,,86
1270,1961,3,398,398,,87
1271,1962,3,398,398,,87
1272,1963,3,398,398,,88
1273,1964,3,398,398,,88
1274,1965,3,398,398,,89
1275,1966,3,398,398,,89
1276,1967,3,398,398,,90
1277,1968,3,398,398,,90
1278,1969,3,398,398,,91
1279,1970,3,398,398,,91
1280,1971,3,398,398,,92
1281,1966,99,,,65.89,89
1282,1973,3,398,398,,93
1283,1967,10,0,1000s,,90
1284,1967,10,1001,1001,,90
1285,1967,10,1002,1002,,90
1286,1977,3,398,398,,95
1287,1978,3,398,398,,95
1288,1979,3,398,398,,96
1289,1980,3,398,398,,96
1290,1981,3,398,398,,97
1291,1982,3,398,398,,97
1292,1967,12,1200,1200,,90
1293,1967,12,0,1200s,65.706,90
1294,1967,12,1203,1203,,90
1295,1967,12,1210,1210,32.435,90
1296,1967,12,1211,1211,,90
1297,1967,12,1212,1212,65.951,90
1298,1967,13,1300,1300,,90
1299,1967,13,0,1300s,43.701,90
1300,1967,13,1302,1302,40.267,90
1301,1967,14,1403,1403,56.819,90
1302,1967,15,1500,1500,51.072,90
1303,1967,15,0,1500s,51.889,90
1304,1967,15,1525,1525,,90
1305,1967,16,1600,1600,47.481,90
1306,1967,17,0,1700s,,90
1307,1967,17,1701,1701,,90
1308,1967,17,1798,1798,,90
1309,2000,3,398,398,,106
1310,1967,20,2000,2000,47.373,90
1311,1967,20,0,2000s,53.317,90
1312,1967,20,2004,2004,,90
1313,2004,3,398,398,75.806,108
1314,2005,3,398,398,75.362,109
1315,2006,3,398,398,77.039,109
1316,2007,3,398,398,74.927,110
1317,2008,3,398,398,75.632,110
1318,2009,3,398,398,75.472,111
1319,1967,21,0,2100s,85.131,90
1320,1967,21,2105,2105,,90
1321,1946,3,0,300s,70.848,79
1322,1947,3,0,300s,68.22,80
1323,1948,3,0,300s,65.449,80
1324,1949,3,0,300s,65.738,81
1325,1950,3,0,300s,65.753,81
1326,1951,3,0,300s,65.753,82
1327,1952,3,0,300s,65.753,82
1328,1953,3,0,300s,65.753,83
1329,1954,3,0,300s,65.753,83
1330,1955,3,0,300s,65.753,84
1331,1956,3,0,300s,65.753,84
1332,1957,3,0,300s,68.982,85
1333,1958,3,0,300s,71.14,85
1334,1959,3,0,300s,71.255,86
1335,1960,3,0,300s,72.632,86
1336,1961,3,0,300s,71.306,87
1337,1962,3,0,300s,69.88,87
1338,1963,3,0,300s,69.82,88
1339,1964,3,0,300s,69.818,88
1340,1965,3,0,300s,71.596,89
1341,1966,3,0,300s,71.223,89
1342,1967,99,,,63.248,90
1343,1968,3,0,300s,75.178,90
1344,1968,10,0,1000s,,90
1345,1968,10,1001,1001,,90
1346,1968,10,1002,1002,,90
1347,1972,3,0,300s,77.618,92
1348,1973,3,0,300s,76.526,93
1349,1974,3,0,300s,76.764,93
1350,1975,3,0,300s,73.775,94
1351,1976,3,0,300s,73.622,94
1352,1977,3,0,300s,72.971,95
1353,1968,12,1200,1200,,90
1354,1968,12,0,1200s,66.118,90
1355,1968,12,1203,1203,,90
1356,1968,12,1210,1210,28.577,90
1357,1968,12,1211,1211,74.558,90
1358,1968,12,1212,1212,66.946,90
1359,1968,13,1300,1300,,90
1360,1968,13,0,1300s,47.829,90
1361,1968,13,1302,1302,45.182,90
1362,1968,14,1403,1403,63.592,90
1363,1968,15,1500,1500,49.462,90
1364,1968,15,0,1500s,50.144,90
1365,1968,15,1525,1525,,90
1366,1968,16,1600,1600,47.481,90
1367,1968,17,0,1700s,,90
1368,1968,17,1701,1701,,90
1369,1968,17,1798,1798,,90
1370,1995,3,0,300s,71.819,104
1371,1968,20,2000,2000,47.803,90
1372,1968,20,0,2000s,53.207,90
1373,1968,20,2004,2004,,90
1374,1999,3,0,300s,74.872,106
1375,2000,3,0,300s,76.101,106
1376,2001,3,0,300s,75.307,107
1377,2002,3,0,300s,75.771,107
1378,2003,3,0,300s,73.923,108
1379,2004,3,0,300s,75.461,108
1380,1968,21,0,2100s,85.131,90
1381,1968,21,2105,2105,,90
1382,2007,3,0,300s,77.044,110
1383,2008,3,0,300s,75.535,110
1384,2009,3,0,300s,69.731,111
1385,2010,3,0,300s,67.175,111
1386,2011,3,0,300s,71.736,112
1387,1946,5,500,500,,79
1388,1947,5,500,500,,80
1389,1948,5,500,500,,80
1390,1949,5,500,500,,81
1391,1950,5,500,500,,81
1392,1951,5,500,500,,82
1393,1952,5,500,500,,82
1394,1953,5,500,500,,83
1395,1954,5,500,500,,83
1396,1955,5,500,500,,84
1397,1956,5,500,500,,84
1398,1957,5,500,500,,85
1399,1958,5,500,500,,85
1400,1959,5,500,500,,86
1401,1960,5,500,500,,86
1402,1961,5,500,500,,87
1403,1968,99,,,62.317,90
1404,1963,5,500,500,,88
1405,1969,10,0,1000s,,91
1406,1969,10,1001,1001,,91
1407,1969,10,1002,1002,,91
1408,1967,5,500,500,14.558,90
1409,1968,5,500,500,12.689,90
1410,1969,5,500,500,16.143,91
1411,1970,5,500,500,18.958,91
1412,1971,5,500,500,19.984,92
1413,1972,5,500,500,20.372,92
1414,1969,12,1200,1200,,91
1415,1969,12,0,1200s,65.431,91
1416,1969,12,1203,1203,,91
1417,1969,12,1210,1210,30.036,91
1418,1969,12,1211,1211,74.038,91
1419,1969,12,1212,1212,64.681,91
1420,1969,13,1300,1300,,91
1421,1969,13,0,1300s,47.232,91
1422,1969,13,1302,1302,44.039,91
1423,1969,14,1403,1403,65.953,91
1424,1969,15,1500,1500,51.285,91
1425,1969,15,0,1500s,52.513,91
1426,1969,15,1525,1525,,91
1427,1969,16,1600,1600,63.84,91
1428,1969,17,0,1700s,,91
1429,1969,17,1701,1701,,91
1430,1969,17,1798,1798,,91
1431,1990,5,500,500,25.592,101
1432,1969,20,2000,2000,50.334,91
1433,1969,20,0,2000s,52.791,91
1434,1969,20,2004,2004,,91
1435,1994,5,500,500,25.611,103
1436,1995,5,500,500,26.062,104
1437,1996,5,500,500,26.173,104
1438,1997,5,500,500,26.248,105
1439,1998,5,500,500,26.208,105
1440,1999,5,500,500,25.772,106
1441,1969,21,0,2100s,85.131,91
1442,1969,21,2105,2105,,91
1443,2002,5,500,500,39.688,107
1444,2003,5,500,500,35.36,108
1445,2004,5,500,500,32.403,108
1446,2005,5,500,500,31.041,109
1447,2006,5,500,500,29.045,109
1448,2007,5,500,500,31.182,110
1449,2008,5,500,500,33.942,110
1450,2009,5,500,500,35.465,111
1451,2010,5,500,500,31.96,111
1452,2011,5,500,500,29.595,112
1453,1946,5,502,502,,79
1454,1947,5,502,502,,80
1455,1948,5,502,502,,80
1456,1949,5,502,502,,81
1457,1950,5,502,502,,81
1458,1951,5,502,502,,82
1459,1952,5,502,502,,82
1460,1953,5,502,502,,83
1461,1954,5,502,502,,83
1462,1955,5,502,502,,84
1463,1956,5,502,502,,84
1464,1969,99,,,61.851,91
1465,1958,5,502,502,,85
1466,1970,10,0,1000s,,91
1467,1970,10,1001,1001,,91
1468,1970,10,1002,1002,,91
1469,1962,5,502,502,,87
1470,1963,5,502,502,,88
1471,1964,5,502,502,,88
1472,1965,5,502,502,,89
1473,1966,5,502,502,,89
1474,1967,5,502,502,,90
1475,1970,12,1200,1200,,91
1476,1970,12,0,1200s,67.2,91
1477,1970,12,1203,1203,,91
1478,1970,12,1210,1210,30.366,91
1479,1970,12,1211,1211,73.574,91
1480,1970,12,1212,1212,63.636,91
1481,1970,13,1300,1300,,91
1482,1970,13,0,1300s,50.177,91
1483,1970,13,1302,1302,47.751,91
1484,1970,14,1403,1403,67.56,91
1485,1970,15,1500,1500,52.507,91
1486,1970,15,0,1500s,56.1,91
1487,1970,15,1525,1525,,91
1488,1970,16,1600,1600,63.349,91
1489,1970,17,0,1700s,,91
1490,1970,17,1701,1701,,91
1491,1970,17,1798,1798,,91
1492,1985,5,502,502,46.325,99
1493,1970,20,2000,2000,53.089,91
1494,1970,20,0,2000s,52.666,91
1495,1970,20,2004,2004,,91
1496,1989,5,502,502,64.776,101
1497,1990,5,502,502,61.173,101
1498,1991,5,502,502,63.374,102
1499,1992,5,502,502,58.96,102
1500,1993,5,502,502,58.626,103
1501,1994,5,502,502,58.609,103
1502,1970,21,0,2100s,85.131,91
1503,1970,21,2105,2105,,91
1504,1997,5,502,502,53.806,105
1505,1998,5,502,502,52.478,105
1506,1999,5,502,502,53.697,106
1507,2000,5,502,502,53.739,106
1508,2001,5,502,502,53.725,107
1509,2002,5,502,502,53.72,107
1510,2003,5,502,502,53.718,108
1511,2004,5,502,502,53.718,108
1512,2005,5,502,502,53.717,109
1513,2006,5,502,502,55.655,109
1514,2007,5,502,502,50.005,110
1515,2008,5,502,502,,110
1516,2009,5,502,502,,111
1517,2010,5,502,502,,111
1518,2011,5,502,502,,112
1519,1946,5,504,504,45.614,79
1520,1947,5,504,504,49.656,80
1521,1948,5,504,504,53.723,80
1522,1949,5,504,504,52.997,81
1523,1950,5,504,504,57.702,81
1524,1951,5,504,504,60.036,82
1525,1970,99,,,61.619,91
1526,1953,5,504,504,58.874,83
1527,1971,10,0,1000s,,92
1528,1971,10,1001,1001,,92
1529,1971,10,1002,1002,,92
1530,1957,5,504,504,58.372,85
1531,1958,5,504,504,54.199,85
1532,1959,5,504,504,57.11,86
1533,1960,5,504,504,55.916,86
1534,1961,5,504,504,54.979,87
1535,1962,5,504,504,53.022,87
1536,1971,12,1200,1200,,92
1537,1971,12,0,1200s,65.729,92
1538,1971,12,1203,1203,,92
1539,1971,12,1210,1210,31.563,92
1540,1971,12,1211,1211,78.696,92
1541,1971,12,1212,1212,64.801,92
1542,1971,13,1300,1300,,92
1543,1971,13,0,1300s,50.981,92
1544,1971,13,1302,1302,48.4,92
1545,1971,14,1403,1403,68.81,92
1546,1971,15,1500,1500,52.779,92
1547,1971,15,0,1500s,56.677,92
1548,1971,15,1525,1525,,92
1549,1971,16,1600,1600,61.251,92
1550,1971,17,0,1700s,,92
1551,1971,17,1701,1701,,92
1552,1971,17,1798,1798,,92
1553,1980,5,504,504,44.493,96
1554,1971,20,2000,2000,50.329,92
1555,1971,20,0,2000s,52.17,92
1556,1971,20,2004,2004,,92
1557,1984,5,504,504,45.651,98
1558,1985,5,504,504,46.553,99
1559,1986,5,504,504,44.276,99
1560,1987,5,504,504,43.583,100
1561,1988,5,504,504,43.404,100
1562,1989,5,504,504,43.357,101
1563,1971,21,0,2100s,85.131,92
1564,1971,21,2105,2105,,92
1565,1992,5,504,504,50.975,102
1566,1993,5,504,504,51.187,103
1567,1994,5,504,504,51.24,103
1568,1995,5,504,504,51.254,104
1569,1996,5,504,504,50.013,104
1570,1997,5,504,504,47.12,105
1571,1998,5,504,504,47.636,105
1572,1999,5,504,504,48.691,106
1573,2000,5,504,504,47.458,106
1574,2001,5,504,504,46.04,107
1575,2002,5,504,504,44.768,107
1576,2003,5,504,504,47.666,108
1577,2004,5,504,504,44.997,108
1578,2005,5,504,504,44.492,109
1579,2006,5,504,504,46.337,109
1580,2007,5,504,504,45.716,110
1581,2008,5,504,504,45.761,110
1582,2009,5,504,504,45.772,111
1583,2010,5,504,504,45.775,111
1584,2011,5,504,504,50.308,112
1585,1946,5,508,508,,79
1586,1971,99,,,61.502,92
1587,1948,5,508,508,,80
1588,1972,10,0,1000s,,92
1589,1972,10,1001,1001,,92
1590,1972,10,1002,1002,,92
1591,1952,5,508,508,,82
1592,1953,5,508,508,,83
1593,1954,5,508,508,,83
1594,1955,5,508,508,,84
1595,1956,5,508,508,,84
1596,1957,5,508,508,,85
1597,1972,12,1200,1200,,92
1598,1972,12,0,1200s,63.014,92
1599,1972,12,1203,1203,,92
1600,1972,12,1210,1210,30.884,92
1601,1972,12,1211,1211,82.742,92
1602,1972,12,1212,1212,63.699,92
1603,1972,13,1300,1300,,92
1604,1972,13,0,1300s,55.602,92
1605,1972,13,1302,1302,53.224,92
1606,1972,14,1403,1403,67.072,92
1607,1972,15,1500,1500,52.842,92
1608,1972,15,0,1500s,56.791,92
1609,1972,15,1525,1525,,92
1610,1972,16,1600,1600,53.221,92
1611,1972,17,0,1700s,,92
1612,1972,17,1701,1701,,92
1613,1972,17,1798,1798,,92
1614,1975,5,508,508,,94
1615,1972,20,2000,2000,46.718,92
1616,1972,20,0,2000s,51.225,92
1617,1972,20,2004,2004,,92
1618,1979,5,508,508,,96
1619,1980,5,508,508,,96
1620,1981,5,508,508,69.633,97
1621,1982,5,508,508,69.326,97
1622,1983,5,508,508,69.326,98
1623,1984,5,508,508,69.326,98
1624,1972,21,0,2100s,85.131,92
1625,1972,21,2105,2105,,92
1626,1987,5,508,508,74.229,100
1627,1988,5,508,508,74.228,100
1628,1989,5,508,508,74.228,101
1629,1990,5,508,508,74.228,101
1630,1991,5,508,508,74.228,102
1631,1992,5,508,508,74.228,102
1632,1993,5,508,508,74.876,103
1633,1994,5,508,508,75.435,103
1634,1995,5,508,508,71.277,104
1635,1996,5,508,508,67.656,104
1636,1997,5,508,508,75.171,105
1637,1998,5,508,508,75.148,105
1638,1999,5,508,508,75.145,106
1639,2000,5,508,508,80.676,106
1640,2001,5,508,508,77.309,107
1641,2002,5,508,508,78.349,107
1642,2003,5,508,508,81.8,108
1643,2004,5,508,508,77.665,108
1644,2005,5,508,508,73.303,109
1645,2006,5,508,508,70.664,109
1646,2007,5,508,508,72.562,110
1647,1972,99,,,61.444,92
1648,2009,5,508,508,66.659,111
1649,1973,10,0,1000s,,93
1650,1973,10,1001,1001,,93
1651,1973,10,1002,1002,,93
1652,1947,5,0,500s,57.872,80
1653,1948,5,0,500s,60.898,80
1654,1949,5,0,500s,62.091,81
1655,1950,5,0,500s,64.637,81
1656,1951,5,0,500s,65.93,82
1657,1952,5,0,500s,66.29,82
1658,1973,12,1200,1200,,93
1659,1973,12,0,1200s,61.803,93
1660,1973,12,1203,1203,92.506,93
1661,1973,12,1210,1210,27.32,93
1662,1973,12,1211,1211,83.544,93
1663,1973,12,1212,1212,64.898,93
1664,1973,13,1300,1300,,93
1665,1973,13,0,1300s,53.841,93
1666,1973,13,1302,1302,51.379,93
1667,1973,14,1403,1403,66.847,93
1668,1973,15,1500,1500,52.858,93
1669,1973,15,0,1500s,56.822,93
1670,1973,15,1525,1525,,93
1671,1973,16,1600,1600,61.466,93
1672,1973,17,0,1700s,24.201,93
1673,1973,17,1701,1701,10.858,93
1674,1973,17,1798,1798,,93
1675,1970,5,0,500s,56.836,91
1676,1973,20,2000,2000,49.298,93
1677,1973,20,0,2000s,49.137,93
1678,1973,20,2004,2004,,93
1679,1974,5,0,500s,54.011,93
1680,1975,5,0,500s,53.803,94
1681,1976,5,0,500s,53.741,94
1682,1977,5,0,500s,56.72,95
1683,1978,5,0,500s,55.73,95
1684,1979,5,0,500s,55.887,96
1685,1973,21,0,2100s,85.131,93
1686,1973,21,2105,2105,,93
1687,1982,5,0,500s,55.247,97
1688,1983,5,0,500s,54.556,98
1689,1984,5,0,500s,55.409,98
1690,1985,5,0,500s,55.999,99
1691,1986,5,0,500s,54.532,99
1692,1987,5,0,500s,57.581,100
1693,1988,5,0,500s,59.025,100
1694,1989,5,0,500s,65.211,101
1695,1990,5,0,500s,65.157,101
1696,1991,5,0,500s,66.178,102
1697,1992,5,0,500s,64.278,102
1698,1993,5,0,500s,63.135,103
1699,1994,5,0,500s,62.29,103
1700,1995,5,0,500s,59.085,104
1701,1996,5,0,500s,59.619,104
1702,1997,5,0,500s,57.491,105
1703,1998,5,0,500s,58.062,105
1704,1999,5,0,500s,57.911,106
1705,2000,5,0,500s,56.045,106
1706,2001,5,0,500s,55.538,107
1707,2002,5,0,500s,57.434,107
1708,1973,99,,,65.433,93
1709,2004,5,0,500s,56.836,108
1710,1974,10,0,1000s,,93
1711,1974,10,1001,1001,,93
1712,1974,10,1002,1002,,93
1713,2008,5,0,500s,57.459,110
1714,2009,5,0,500s,59.996,111
1715,2010,5,0,500s,59.234,111
1716,2011,5,0,500s,57.934,112
1717,1946,6,600,600,,79
1718,1947,6,600,600,,80
1719,1974,12,1200,1200,,93
1720,1974,12,0,1200s,59.485,93
1721,1974,12,1203,1203,91.066,93
1722,1974,12,1210,1210,26.793,93
1723,1974,12,1211,1211,83.269,93
1724,1974,12,1212,1212,67.018,93
1725,1974,13,1300,1300,,93
1726,1974,13,0,1300s,54.823,93
1727,1974,13,1302,1302,52.518,93
1728,1974,14,1403,1403,67.312,93
1729,1974,15,1500,1500,53.467,93
1730,1974,15,0,1500s,57.524,93
1731,1974,15,1525,1525,90.941,93
1732,1974,16,1600,1600,55.718,93
1733,1974,17,0,1700s,24.035,93
1734,1974,17,1701,1701,10.758,93
1735,1974,17,1798,1798,,93
1736,1965,6,600,600,,89
1737,1974,20,2000,2000,49.682,93
1738,1974,20,0,2000s,46.979,93
1739,1974,20,2004,2004,,93
1740,1969,6,600,600,87.748,91
1741,1970,6,600,600,88.521,91
1742,1971,6,600,600,87.471,92
1743,1972,6,600,600,88.012,92
1744,1973,6,600,600,86.742,93
1745,1974,6,600,600,87.169,93
1746,1974,21,0,2100s,85.131,93
1747,1974,21,2105,2105,,93
1748,1977,6,600,600,84.568,95
1749,1978,6,600,600,83.78,95
1750,1979,6,600,600,85.13,96
1751,1980,6,600,600,83.721,96
1752,1981,6,600,600,85.055,97
1753,1982,6,600,600,87.116,97
1754,1983,6,600,600,89.935,98
1755,1984,6,600,600,89.43,98
1756,1985,6,600,600,89.484,99
1757,1986,6,600,600,90.668,99
1758,1987,6,600,600,91.788,100
1759,1988,6,600,600,92.672,100
1760,1989,6,600,600,94.356,101
1761,1990,6,600,600,95.052,101
1762,1991,6,600,600,92.871,102
1763,1992,6,600,600,93.696,102
1764,1993,6,600,600,91.904,103
1765,1994,6,600,600,91.714,103
1766,1995,6,600,600,91.657,104
1767,1996,6,600,600,91.554,104
1768,1997,6,600,600,90.969,105
1769,1974,99,,,68.152,93
1770,1999,6,600,600,91.265,106
1771,1975,10,0,1000s,,94
1772,1975,10,1001,1001,,94
1773,1975,10,1002,1002,,94
1774,2003,6,600,600,92.515,108
1775,2004,6,600,600,92.419,108
1776,2005,6,600,600,91.997,109
1777,2006,6,600,600,91.538,109
1778,2007,6,600,600,91.304,110
1779,2008,6,600,600,90.749,110
1780,1975,12,1200,1200,,94
1781,1975,12,0,1200s,59.048,94
1782,1975,12,1203,1203,87.456,94
1783,1975,12,1210,1210,26.678,94
1784,1975,12,1211,1211,81.716,94
1785,1975,12,1212,1212,68.826,94
1786,1975,13,1300,1300,,94
1787,1975,13,0,1300s,55.436,94
1788,1975,13,1302,1302,53.222,94
1789,1975,14,1403,1403,61.683,94
1790,1975,15,1500,1500,54.563,94
1791,1975,15,0,1500s,61.033,94
1792,1975,15,1525,1525,90.941,94
1793,1975,16,1600,1600,51.524,94
1794,1975,17,0,1700s,24.142,94
1795,1975,17,1701,1701,10.817,94
1796,1975,17,1798,1798,,94
1797,1960,6,602,602,75.165,86
1798,1975,20,2000,2000,49.738,94
1799,1975,20,0,2000s,50.421,94
1800,1975,20,2004,2004,,94
1801,1964,6,602,602,72.345,88
1802,1965,6,602,602,69.963,89
1803,1966,6,602,602,69.393,89
1804,1967,6,602,602,69.256,90
1805,1968,6,602,602,67.317,90
1806,1969,6,602,602,66.307,91
1807,1975,21,0,2100s,85.131,94
1808,1975,21,2105,2105,,94
1809,1972,6,602,602,66.546,92
1810,1973,6,602,602,64.994,93
1811,1974,6,602,602,65.32,93
1812,1975,6,602,602,63.844,94
1813,1976,6,602,602,63.174,94
1814,1977,6,602,602,63.43,95
1815,1978,6,602,602,62.897,95
1816,1979,6,602,602,63.88,96
1817,1980,6,602,602,62.974,96
1818,1981,6,602,602,64.002,97
1819,1982,6,602,602,65.383,97
1820,1983,6,602,602,67.294,98
1821,1984,6,602,602,66.92,98
1822,1985,6,602,602,67.164,99
1823,1986,6,602,602,68.405,99
1824,1987,6,602,602,69.346,100
1825,1988,6,602,602,70.037,100
1826,1989,6,602,602,71.384,101
1827,1990,6,602,602,72.08,101
1828,1991,6,602,602,70.454,102
1829,1992,6,602,602,70.867,102
1830,1975,99,,,66.887,94
1831,1994,6,602,602,69.258,103
1832,1976,10,0,1000s,,94
1833,1976,10,1001,1001,,94
1834,1976,10,1002,1002,,94
1835,1998,6,602,602,68.273,105
1836,1999,6,602,602,68.956,106
1837,2000,6,602,602,69.807,106
1838,2001,6,602,602,70.83,107
1839,2002,6,602,602,69.598,107
1840,2003,6,602,602,70.357,108
1841,1976,12,1200,1200,,94
1842,1976,12,0,1200s,57.48,94
1843,1976,12,1203,1203,89.077,94
1844,1976,12,1210,1210,24.19,94
1845,1976,12,1211,1211,77.74,94
1846,1976,12,1212,1212,64.845,94
1847,1976,13,1300,1300,,94
1848,1976,13,0,1300s,48.77,94
1849,1976,13,1302,1302,45.351,94
1850,1976,14,1403,1403,58.877,94
1851,1976,15,1500,1500,54.812,94
1852,1976,15,0,1500s,63.651,94
1853,1976,15,1525,1525,92.587,94
1854,1976,16,1600,1600,40.791,94
1855,1976,17,0,1700s,26.922,94
1856,1976,17,1701,1701,12.492,94
1857,1976,17,1798,1798,,94
1858,1955,6,0,600s,,84
1859,1976,20,2000,2000,42.894,94
1860,1976,20,0,2000s,48.974,94
1861,1976,20,2004,2004,,94
1862,1959,6,0,600s,75.86,86
1863,1960,6,0,600s,75.22,86
1864,1961,6,0,600s,73.096,87
1865,1962,6,0,600s,72.586,87
1866,1963,6,0,600s,72.445,88
1867,1964,6,0,600s,72.405,88
1868,1976,21,0,2100s,85.131,94
1869,1976,21,2105,2105,,94
1870,1967,6,0,600s,69.319,90
1871,1968,6,0,600s,67.384,90
1872,1969,6,0,600s,66.375,91
1873,1970,6,0,600s,66.704,91
1874,1971,6,0,600s,65.371,92
1875,1972,6,0,600s,66.55,92
1876,1973,6,0,600s,65.049,93
1877,1974,6,0,600s,65.389,93
1878,1975,6,0,600s,63.924,94
1879,1976,6,0,600s,63.256,94
1880,1977,6,0,600s,63.514,95
1881,1978,6,0,600s,62.989,95
1882,1979,6,0,600s,63.996,96
1883,1980,6,0,600s,63.076,96
1884,1981,6,0,600s,64.111,97
1885,1982,6,0,600s,65.504,97
1886,1983,6,0,600s,67.397,98
1887,1984,6,0,600s,67.017,98
1888,1985,6,0,600s,67.263,99
1889,1986,6,0,600s,68.501,99
1890,1987,6,0,600s,69.44,100
1891,1976,99,,,67.781,94
1892,1989,6,0,600s,71.476,101
1893,1977,10,0,1000s,,95
1894,1977,10,1001,1001,,95
1895,1977,10,1002,1002,,95
1896,1993,6,0,600s,69.565,103
1897,1994,6,0,600s,69.35,103
1898,1995,6,0,600s,69.315,104
1899,1996,6,0,600s,69.254,104
1900,1997,6,0,600s,68.736,105
1901,1998,6,0,600s,68.367,105
1902,1977,12,1200,1200,,95
1903,1977,12,0,1200s,57.414,95
1904,1977,12,1203,1203,87.123,95
1905,1977,12,1210,1210,22.823,95
1906,1977,12,1211,1211,80.786,95
1907,1977,12,1212,1212,63.93,95
1908,1977,13,1300,1300,,95
1909,1977,13,0,1300s,47.286,95
1910,1977,13,1302,1302,44.082,95
1911,1977,14,1403,1403,61.286,95
1912,1977,15,1500,1500,55.567,95
1913,1977,15,0,1500s,59.243,95
1914,1977,15,1525,1525,88.664,95
1915,1977,16,1600,1600,31.425,95
1916,1977,17,0,1700s,32.551,95
1917,1977,17,1701,1701,15.963,95
1918,1977,17,1798,1798,,95
1919,1950,7,700,700,,81
1920,1977,20,2000,2000,40.112,95
1921,1977,20,0,2000s,47.639,95
1922,1977,20,2004,2004,,95
1923,1954,7,700,700,,83
1924,1955,7,700,700,,84
1925,1956,7,700,700,,84
1926,1957,7,700,700,,85
1927,1958,7,700,700,,85
1928,1959,7,700,700,,86
1929,1977,21,0,2100s,85.131,95
1930,1977,21,2105,2105,,95
1931,1962,7,700,700,,87
1932,1963,7,700,700,,88
1933,1964,7,700,700,,88
1934,1965,7,700,700,,89
1935,1966,7,700,700,,89
1936,1967,7,700,700,,90
1937,1968,7,700,700,,90
1938,1969,7,700,700,,91
1939,1970,7,700,700,,91
1940,1971,7,700,700,79.648,92
1941,1972,7,700,700,75.041,92
1942,1973,7,700,700,70.738,93
1943,1974,7,700,700,72.737,93
1944,1975,7,700,700,70.216,94
1945,1976,7,700,700,71.206,94
1946,1977,7,700,700,70.455,95
1947,1978,7,700,700,70.364,95
1948,1979,7,700,700,65.875,96
1949,1980,7,700,700,65.649,96
1950,1981,7,700,700,69.75,97
1951,1982,7,700,700,70.696,97
1952,1977,99,,,67.345,95
1953,1984,7,700,700,77.876,98
1954,1978,10,0,1000s,,95
1955,1978,10,1001,1001,,95
1956,1978,10,1002,1002,,95
1957,1988,7,700,700,82.687,100
1958,1989,7,700,700,84.935,101
1959,1990,7,700,700,84.225,101
1960,1991,7,700,700,83.329,102
1961,1992,7,700,700,79.956,102
1962,1993,7,700,700,73.974,103
1963,1978,12,1200,1200,,95
1964,1978,12,0,1200s,56.409,95
1965,1978,12,1203,1203,86.745,95
1966,1978,12,1210,1210,22.825,95
1967,1978,12,1211,1211,80.206,95
1968,1978,12,1212,1212,70.072,95
1969,1978,13,1300,1300,,95
1970,1978,13,0,1300s,47.734,95
1971,1978,13,1302,1302,44.826,95
1972,1978,14,1403,1403,58.695,95
1973,1978,15,1500,1500,54.024,95
1974,1978,15,0,1500s,55.928,95
1975,1978,15,1525,1525,85.142,95
1976,1978,16,1600,1600,29.788,95
1977,1978,17,0,1700s,37.108,95
1978,1978,17,1701,1701,18.898,95
1979,1978,17,1798,1798,,95
1980,2011,7,700,700,,112
1981,1978,20,2000,2000,38.427,95
1982,1978,20,0,2000s,46.63,95
1983,1978,20,2004,2004,,95
1984,1949,7,0,700s,,81
1985,1950,7,0,700s,,81
1986,1951,7,0,700s,,82
1987,1952,7,0,700s,,82
1988,1953,7,0,700s,,83
1989,1954,7,0,700s,,83
1990,1978,21,0,2100s,85.131,95
1991,1978,21,2105,2105,,95
1992,1957,7,0,700s,,85
1993,1958,7,0,700s,,85
1994,1959,7,0,700s,,86
1995,1960,7,0,700s,,86
1996,1961,7,0,700s,,87
1997,1962,7,0,700s,,87
1998,1963,7,0,700s,,88
1999,1964,7,0,700s,,88
2000,1965,7,0,700s,,89
2001,1966,7,0,700s,,89
2002,1967,7,0,700s,,90
2003,1968,7,0,700s,,90
2004,1969,7,0,700s,,91
2005,1970,7,0,700s,,91
2006,1971,7,0,700s,77.24,92
2007,1972,7,0,700s,72.622,92
2008,1973,7,0,700s,68.487,93
2009,1974,7,0,700s,70.483,93
2010,1975,7,0,700s,67.965,94
2011,1976,7,0,700s,68.968,94
2012,1977,7,0,700s,68.215,95
2013,1978,99,,,65.97,95
2014,1979,7,0,700s,63.681,96
2015,1979,10,0,1000s,,96
2016,1979,10,1001,1001,,96
2017,1979,10,1002,1002,,96
2018,1983,7,0,700s,72.599,98
2019,1984,7,0,700s,75.525,98
2020,1985,7,0,700s,73.953,99
2021,1986,7,0,700s,76.714,99
2022,1987,7,0,700s,78.478,100
2023,1988,7,0,700s,80.253,100
2024,1979,12,1200,1200,,96
2025,1979,12,0,1200s,56.314,96
2026,1979,12,1203,1203,87.929,96
2027,1979,12,1210,1210,22.542,96
2028,1979,12,1211,1211,80.804,96
2029,1979,12,1212,1212,72.22,96
2030,1979,13,1300,1300,,96
2031,1979,13,0,1300s,46.673,96
2032,1979,13,1302,1302,43.336,96
2033,1979,14,1403,1403,60.008,96
2034,1979,15,1500,1500,57.776,96
2035,1979,15,0,1500s,59.66,96
2036,1979,15,1525,1525,86.259,96
2037,1979,16,1600,1600,22.8,96
2038,1979,17,0,1700s,46.993,96
2039,1979,17,1701,1701,25.216,96
2040,1979,17,1798,1798,,96
2041,2006,7,0,700s,74.361,109
2042,1979,20,2000,2000,35.516,96
2043,1979,20,0,2000s,44.912,96
2044,1979,20,2004,2004,,96
2045,2010,7,0,700s,65.531,111
2046,2011,7,0,700s,,112
2047,1946,8,800,800,,79
2048,1947,8,800,800,,80
2049,1948,8,800,800,,80
2050,1949,8,800,800,,81
2051,1979,21,0,2100s,85.131,96
2052,1979,21,2105,2105,,96
2053,1952,8,800,800,,82
2054,1953,8,800,800,,83
2055,1954,8,800,800,,83
2056,1955,8,800,800,,84
2057,1956,8,800,800,,84
2058,1957,8,800,800,,85
2059,1958,8,800,800,,85
2060,1959,8,800,800,,86
2061,1960,8,800,800,,86
2062,1961,8,800,800,,87
2063,1962,8,800,800,,87
2064,1963,8,800,800,,88
2065,1964,8,800,800,,88
2066,1965,8,800,800,,89
2067,1966,8,800,800,,89
2068,1967,8,800,800,,90
2069,1968,8,800,800,,90
2070,1969,8,800,800,,91
2071,1970,8,800,800,,91
2072,1971,8,800,800,,92
2073,1972,8,800,800,,92
2074,1979,99,,,65.337,96
2075,1974,8,800,800,,93
2076,1980,10,0,1000s,,96
2077,1980,10,1001,1001,,96
2078,1980,10,1002,1002,,96
2079,1978,8,800,800,,95
2080,1979,8,800,800,,96
2081,1980,8,800,800,,96
2082,1981,8,800,800,,97
2083,1982,8,800,800,,97
2084,1983,8,800,800,,98
2085,1980,12,1200,1200,,96
2086,1980,12,0,1200s,58.344,96
2087,1980,12,1203,1203,89.014,96
2088,1980,12,1210,1210,22.247,96
2089,1980,12,1211,1211,81.382,96
2090,1980,12,1212,1212,65.536,96
2091,1980,13,1300,1300,,96
2092,1980,13,0,1300s,47.574,96
2093,1980,13,1302,1302,44.58,96
2094,1980,14,1403,1403,57.412,96
2095,1980,15,1500,1500,55.853,96
2096,1980,15,0,1500s,56.475,96
2097,1980,15,1525,1525,84.834,96
2098,1980,16,1600,1600,8.837,96
2099,1980,17,0,1700s,54.813,96
2100,1980,17,1701,1701,29.969,96
2101,1980,17,1798,1798,,96
2102,2001,8,800,800,59.805,107
2103,1980,20,2000,2000,34.403,96
2104,1980,20,0,2000s,43.942,96
2105,1980,20,2004,2004,,96
2106,2005,8,800,800,55.659,109
2107,2006,8,800,800,53.734,109
2108,2007,8,800,800,61.549,110
2109,2008,8,800,800,56.552,110
2110,2009,8,800,800,50.984,111
2111,2010,8,800,800,45.338,111
2112,1980,21,0,2100s,85.131,96
2113,1980,21,2105,2105,,96
2114,1947,8,803,803,,80
2115,1948,8,803,803,,80
2116,1949,8,803,803,,81
2117,1950,8,803,803,,81
2118,1951,8,803,803,,82
2119,1952,8,803,803,,82
2120,1953,8,803,803,,83
2121,1954,8,803,803,,83
2122,1955,8,803,803,,84
2123,1956,8,803,803,,84
2124,1957,8,803,803,,85
2125,1958,8,803,803,,85
2126,1959,8,803,803,,86
2127,1960,8,803,803,,86
2128,1961,8,803,803,,87
2129,1962,8,803,803,,87
2130,1963,8,803,803,,88
2131,1964,8,803,803,,88
2132,1965,8,803,803,,89
2133,1966,8,803,803,,89
2134,1967,8,803,803,,90
2135,1980,99,,,66.159,96
2136,1969,8,803,803,,91
2137,1981,10,0,1000s,,97
2138,1981,10,1001,1001,,97
2139,1981,10,1002,1002,,97
2140,1973,8,803,803,,93
2141,1974,8,803,803,,93
2142,1975,8,803,803,,94
2143,1976,8,803,803,,94
2144,1977,8,803,803,,95
2145,1978,8,803,803,,95
2146,1981,12,1200,1200,,97
2147,1981,12,0,1200s,57.03,97
2148,1981,12,1203,1203,88.401,97
2149,1981,12,1210,1210,21.347,97
2150,1981,12,1211,1211,82.241,97
2151,1981,12,1212,1212,66.246,97
2152,1981,13,1300,1300,,97
2153,1981,13,0,1300s,51.072,97
2154,1981,13,1302,1302,48.687,97
2155,1981,14,1403,1403,62.147,97
2156,1981,15,1500,1500,54.113,97
2157,1981,15,0,1500s,53.852,97
2158,1981,15,1525,1525,82.656,97
2159,1981,16,1600,1600,7.299,97
2160,1981,17,0,1700s,46.369,97
2161,1981,17,1701,1701,25.085,97
2162,1981,17,1798,1798,,97
2163,1996,8,803,803,,104
2164,1981,20,2000,2000,33.117,97
2165,1981,20,0,2000s,43.715,97
2166,1981,20,2004,2004,,97
2167,2000,8,803,803,,106
2168,2001,8,803,803,63.804,107
2169,2002,8,803,803,61.423,107
2170,2003,8,803,803,66.949,108
2171,2004,8,803,803,65.366,108
2172,2005,8,803,803,59.378,109
2173,1981,21,0,2100s,85.131,97
2174,1981,21,2105,2105,,97
2175,2008,8,803,803,55.674,110
2176,2009,8,803,803,,111
2177,2010,8,803,803,,111
2178,2011,8,803,803,,112
2179,1946,8,0,800s,,79
2180,1947,8,0,800s,,80
2181,1948,8,0,800s,,80
2182,1949,8,0,800s,,81
2183,1950,8,0,800s,,81
2184,1951,8,0,800s,,82
2185,1952,8,0,800s,,82
2186,1953,8,0,800s,,83
2187,1954,8,0,800s,,83
2188,1955,8,0,800s,,84
2189,1956,8,0,800s,,84
2190,1957,8,0,800s,,85
2191,1958,8,0,800s,,85
2192,1959,8,0,800s,,86
2193,1960,8,0,800s,,86
2194,1961,8,0,800s,,87
2195,1962,8,0,800s,,87
2196,1981,99,,,64.22,97
2197,1964,8,0,800s,,88
2198,1982,10,0,1000s,,97
2199,1982,10,1001,1001,,97
2200,1982,10,1002,1002,,97
2201,1968,8,0,800s,,90
2202,1969,8,0,800s,,91
2203,1970,8,0,800s,,91
2204,1971,8,0,800s,,92
2205,1972,8,0,800s,,92
2206,1973,8,0,800s,,93
2207,1982,12,1200,1200,,97
2208,1982,12,0,1200s,57.382,97
2209,1982,12,1203,1203,87.765,97
2210,1982,12,1210,1210,21.473,97
2211,1982,12,1211,1211,82.948,97
2212,1982,12,1212,1212,65.909,97
2213,1982,13,1300,1300,,97
2214,1982,13,0,1300s,56.14,97
2215,1982,13,1302,1302,54.354,97
2216,1982,14,1403,1403,63.192,97
2217,1982,15,1500,1500,54.361,97
2218,1982,15,0,1500s,51.999,97
2219,1982,15,1525,1525,81.441,97
2220,1982,16,1600,1600,42.461,97
2221,1982,17,0,1700s,38.531,97
2222,1982,17,1701,1701,20.569,97
2223,1982,17,1798,1798,,97
2224,1991,8,0,800s,,102
2225,1982,20,2000,2000,32.902,97
2226,1982,20,0,2000s,45.917,97
2227,1982,20,2004,2004,,97
2228,1995,8,0,800s,,104
2229,1996,8,0,800s,,104
2230,1997,8,0,800s,,105
2231,1998,8,0,800s,,105
2232,1999,8,0,800s,,106
2233,2000,8,0,800s,,106
2234,1982,21,0,2100s,85.131,97
2235,1982,21,2105,2105,,97
2236,2003,8,0,800s,54.621,108
2237,2004,8,0,800s,51.448,108
2238,2005,8,0,800s,54.477,109
2239,2006,8,0,800s,53.433,109
2240,2007,8,0,800s,61.346,110
2241,2008,8,0,800s,54.518,110
2242,2009,8,0,800s,49.576,111
2243,2010,8,0,800s,44.541,111
2244,2011,8,0,800s,,112
2245,1946,9,900,900,,79
2246,1947,9,900,900,,80
2247,1948,9,900,900,,80
2248,1949,9,900,900,,81
2249,1950,9,900,900,,81
2250,1951,9,900,900,,82
2251,1952,9,900,900,,82
2252,1953,9,900,900,,83
2253,1954,9,900,900,,83
2254,1955,9,900,900,,84
2255,1956,9,900,900,,84
2256,1957,9,900,900,,85
2257,1982,99,,,65.553,97
2258,1959,9,900,900,,86
2259,1983,10,0,1000s,,98
2260,1983,10,1001,1001,,98
2261,1983,10,1002,1002,,98
2262,1963,9,900,900,,88
2263,1964,9,900,900,15.583,88
2264,1965,9,900,900,47.554,89
2265,1966,9,900,900,47.103,89
2266,1967,9,900,900,47.03,90
2267,1968,9,900,900,47.018,90
2268,1983,12,1200,1200,,98
2269,1983,12,0,1200s,56.45,98
2270,1983,12,1203,1203,92.338,98
2271,1983,12,1210,1210,20.03,98
2272,1983,12,1211,1211,84.186,98
2273,1983,12,1212,1212,67.607,98
2274,1983,13,1300,1300,,98
2275,1983,13,0,1300s,55.868,98
2276,1983,13,1302,1302,53.641,98
2277,1983,14,1403,1403,63.734,98
2278,1983,15,1500,1500,54.523,98
2279,1983,15,0,1500s,54.509,98
2280,1983,15,1525,1525,85.15,98
2281,1983,16,1600,1600,46.996,98
2282,1983,17,0,1700s,46.802,98
2283,1983,17,1701,1701,25.227,98
2284,1983,17,1798,1798,,98
2285,1986,9,900,900,39.29,99
2286,1983,20,2000,2000,31.969,98
2287,1983,20,0,2000s,41.785,98
2288,1983,20,2004,2004,,98
2289,1990,9,900,900,42.033,101
2290,1991,9,900,900,42.035,102
2291,1992,9,900,900,42.035,102
2292,1993,9,900,900,30.275,103
2293,1994,9,900,900,28.613,103
2294,1995,9,900,900,32.771,104
2295,1983,21,0,2100s,85.131,98
2296,1983,21,2105,2105,,98
2297,1998,9,900,900,48.687,105
2298,1999,9,900,900,47.633,106
2299,2000,9,900,900,51.023,106
2300,2001,9,900,900,44.166,107
2301,2002,9,900,900,38.165,107
2302,2003,9,900,900,43.865,108
2303,2004,9,900,900,43.33,108
2304,2005,9,900,900,44.229,109
2305,2006,9,900,900,46.71,109
2306,2007,9,900,900,46.779,110
2307,2008,9,900,900,53.676,110
2308,2009,9,900,900,49.386,111
2309,2010,9,900,900,47.405,111
2310,2011,9,900,900,48.986,112
2318,1983,99,,,64.631,98
2320,1984,10,0,1000s,73.841,98
2321,1984,10,1001,1001,73.635,98
2322,1984,10,1002,1002,89.658,98
2329,1984,12,1200,1200,,98
2330,1984,12,0,1200s,58.033,98
2331,1984,12,1203,1203,92.54,98
2332,1984,12,1210,1210,20.01,98
2333,1984,12,1211,1211,85.063,98
2334,1984,12,1212,1212,63.476,98
2335,1984,13,1300,1300,69.677,98
2336,1984,13,0,1300s,57.54,98
2337,1984,13,1302,1302,55.691,98
2338,1984,14,1403,1403,68.236,98
2339,1984,15,1500,1500,54.534,98
2340,1984,15,0,1500s,57.657,98
2341,1984,15,1525,1525,86.148,98
2342,1984,16,1600,1600,54.736,98
2343,1984,17,0,1700s,40.944,98
2344,1984,17,1701,1701,22.04,98
2345,1984,17,1798,1798,61.769,98
2347,1984,20,2000,2000,40.188,98
2348,1984,20,0,2000s,46.44,98
2349,1984,20,2004,2004,,98
2356,1984,21,0,2100s,85.131,98
2357,1984,21,2105,2105,,98
2379,1984,99,,,64.225,98
2381,1985,10,0,1000s,70.15,99
2382,1985,10,1001,1001,69.912,99
2383,1985,10,1002,1002,86.839,99
2390,1985,12,1200,1200,,99
2391,1985,12,0,1200s,56.89,99
2392,1985,12,1203,1203,92.737,99
2393,1985,12,1210,1210,18.122,99
2394,1985,12,1211,1211,81.828,99
2395,1985,12,1212,1212,62.932,99
2396,1985,13,1300,1300,70.007,99
2397,1985,13,0,1300s,57.532,99
2398,1985,13,1302,1302,55.463,99
2399,1985,14,1403,1403,64.845,99
2400,1985,15,1500,1500,54.662,99
2401,1985,15,0,1500s,57.192,99
2402,1985,15,1525,1525,88.947,99
2403,1985,16,1600,1600,60.171,99
2404,1985,17,0,1700s,40.749,99
2405,1985,17,1701,1701,21.579,99
2406,1985,17,1798,1798,57.491,99
2408,1985,20,2000,2000,42.384,99
2409,1985,20,0,2000s,42.432,99
2410,1985,20,2004,2004,70.964,99
2417,1985,21,0,2100s,80.143,99
2418,1985,21,2105,2105,,99
2440,1985,99,,,62.991,99
2442,1986,10,0,1000s,68.089,99
2443,1986,10,1001,1001,67.787,99
2444,1986,10,1002,1002,83.005,99
2451,1986,12,1200,1200,,99
2452,1986,12,0,1200s,56.031,99
2453,1986,12,1203,1203,91.412,99
2454,1986,12,1210,1210,18.917,99
2455,1986,12,1211,1211,83.803,99
2456,1986,12,1212,1212,59.178,99
2457,1986,13,1300,1300,70.99,99
2458,1986,13,0,1300s,59.653,99
2459,1986,13,1302,1302,57.851,99
2460,1986,14,1403,1403,64.702,99
2461,1986,15,1500,1500,59.254,99
2462,1986,15,0,1500s,58.633,99
2463,1986,15,1525,1525,85.945,99
2464,1986,16,1600,1600,57.772,99
2465,1986,17,0,1700s,40.161,99
2466,1986,17,1701,1701,21.249,99
2467,1986,17,1798,1798,53.22,99
2469,1986,20,2000,2000,41.884,99
2470,1986,20,0,2000s,46.095,99
2471,1986,20,2004,2004,76.45,99
2478,1986,21,0,2100s,81.468,99
2479,1986,21,2105,2105,,99
2501,1986,99,,,65.384,99
2503,1987,10,0,1000s,69.032,100
2504,1987,10,1001,1001,68.667,100
2505,1987,10,1002,1002,80.272,100
2512,1987,12,1200,1200,,100
2513,1987,12,0,1200s,58.964,100
2514,1987,12,1203,1203,95.141,100
2515,1987,12,1210,1210,21.908,100
2516,1987,12,1211,1211,86.158,100
2517,1987,12,1212,1212,62.986,100
2518,1987,13,1300,1300,71.321,100
2519,1987,13,0,1300s,61.334,100
2520,1987,13,1302,1302,59.525,100
2521,1987,14,1403,1403,66.453,100
2522,1987,15,1500,1500,61.252,100
2523,1987,15,0,1500s,59.635,100
2524,1987,15,1525,1525,85.483,100
2525,1987,16,1600,1600,57.62,100
2526,1987,17,0,1700s,45.445,100
2527,1987,17,1701,1701,24.32,100
2528,1987,17,1798,1798,53.754,100
2530,1987,20,2000,2000,50.173,100
2531,1987,20,0,2000s,50.754,100
2532,1987,20,2004,2004,76.45,100
2539,1987,21,0,2100s,83.65,100
2540,1987,21,2105,2105,,100
2562,1987,99,,,63.516,100
2564,1988,10,0,1000s,73.018,100
2565,1988,10,1001,1001,72.716,100
2566,1988,10,1002,1002,84.067,100
2573,1988,12,1200,1200,,100
2574,1988,12,0,1200s,58.015,100
2575,1988,12,1203,1203,95.434,100
2576,1988,12,1210,1210,19.025,100
2577,1988,12,1211,1211,86.73,100
2578,1988,12,1212,1212,65.587,100
2579,1988,13,1300,1300,71.438,100
2580,1988,13,0,1300s,60.755,100
2581,1988,13,1302,1302,58.874,100
2582,1988,14,1403,1403,69.675,100
2583,1988,15,1500,1500,62.394,100
2584,1988,15,0,1500s,61.746,100
2585,1988,15,1525,1525,,100
2586,1988,16,1600,1600,57.038,100
2587,1988,17,0,1700s,59.944,100
2588,1988,17,1701,1701,33.833,100
2589,1988,17,1798,1798,54.29,100
2591,1988,20,2000,2000,44.651,100
2592,1988,20,0,2000s,50.124,100
2593,1988,20,2004,2004,76.45,100
2600,1988,21,0,2100s,83.798,100
2601,1988,21,2105,2105,,100
2623,1988,99,,,63.183,100
2625,1989,10,0,1000s,77.052,101
2626,1989,10,1001,1001,76.757,101
2627,1989,10,1002,1002,86.311,101
2634,1989,12,1200,1200,,101
2635,1989,12,0,1200s,57.736,101
2636,1989,12,1203,1203,92.873,101
2637,1989,12,1210,1210,18.061,101
2638,1989,12,1211,1211,85.642,101
2639,1989,12,1212,1212,70.335,101
2640,1989,13,1300,1300,71.482,101
2641,1989,13,0,1300s,60.138,101
2642,1989,13,1302,1302,57.818,101
2643,1989,14,1403,1403,69.395,101
2644,1989,15,1500,1500,65.7,101
2645,1989,15,0,1500s,66.374,101
2646,1989,15,1525,1525,,101
2647,1989,16,1600,1600,60.983,101
2648,1989,17,0,1700s,54.402,101
2649,1989,17,1701,1701,30.302,101
2650,1989,17,1798,1798,47.259,101
2652,1989,20,2000,2000,45.296,101
2653,1989,20,0,2000s,51.273,101
2654,1989,20,2004,2004,76.45,101
2661,1989,21,0,2100s,88.112,101
2662,1989,21,2105,2105,,101
2684,1989,99,,,65.263,101
2686,1990,10,0,1000s,79.933,101
2687,1990,10,1001,1001,79.664,101
2688,1990,10,1002,1002,89.105,101
2695,1990,12,1200,1200,,101
2696,1990,12,0,1200s,58.141,101
2697,1990,12,1203,1203,91.539,101
2698,1990,12,1210,1210,17.089,101
2699,1990,12,1211,1211,86.793,101
2700,1990,12,1212,1212,74.074,101
2701,1990,13,1300,1300,71.499,101
2702,1990,13,0,1300s,60.606,101
2703,1990,13,1302,1302,58.648,101
2704,1990,14,1403,1403,72.143,101
2705,1990,15,1500,1500,64.195,101
2706,1990,15,0,1500s,65.123,101
2707,1990,15,1525,1525,,101
2708,1990,16,1600,1600,63.214,101
2709,1990,17,0,1700s,43.409,101
2710,1990,17,1701,1701,23.298,101
2711,1990,17,1798,1798,40.239,101
2713,1990,20,2000,2000,46.767,101
2714,1990,20,0,2000s,50.427,101
2715,1990,20,2004,2004,81.934,101
2722,1990,21,0,2100s,86.107,101
2723,1990,21,2105,2105,,101
2745,1990,99,,,67.27,101
2747,1991,10,0,1000s,78.681,102
2748,1991,10,1001,1001,78.196,102
2749,1991,10,1002,1002,79.324,102
2756,1991,12,1200,1200,,102
2757,1991,12,0,1200s,56.775,102
2758,1991,12,1203,1203,89.225,102
2759,1991,12,1210,1210,18.383,102
2760,1991,12,1211,1211,84.032,102
2761,1991,12,1212,1212,76.814,102
2762,1991,13,1300,1300,71.509,102
2763,1991,13,0,1300s,60.238,102
2764,1991,13,1302,1302,57.921,102
2765,1991,14,1403,1403,69.935,102
2766,1991,15,1500,1500,62.439,102
2767,1991,15,0,1500s,63.138,102
2768,1991,15,1525,1525,,102
2769,1991,16,1600,1600,54.411,102
2770,1991,17,0,1700s,46.212,102
2771,1991,17,1701,1701,24.968,102
2772,1991,17,1798,1798,50.772,102
2774,1991,20,2000,2000,46.421,102
2775,1991,20,0,2000s,51.47,102
2776,1991,20,2004,2004,82.242,102
2783,1991,21,0,2100s,87.649,102
2784,1991,21,2105,2105,,102
2806,1991,99,,,67.996,102
2808,1992,10,0,1000s,78.366,102
2809,1992,10,1001,1001,77.934,102
2810,1992,10,1002,1002,80.114,102
2817,1992,12,1200,1200,,102
2818,1992,12,0,1200s,55.547,102
2819,1992,12,1203,1203,89.021,102
2820,1992,12,1210,1210,18.622,102
2821,1992,12,1211,1211,82.691,102
2822,1992,12,1212,1212,74.825,102
2823,1992,13,1300,1300,71.458,102
2824,1992,13,0,1300s,61.612,102
2825,1992,13,1302,1302,59.654,102
2826,1992,14,1403,1403,68.705,102
2827,1992,15,1500,1500,60.419,102
2828,1992,15,0,1500s,61.116,102
2829,1992,15,1525,1525,,102
2830,1992,16,1600,1600,73.974,102
2831,1992,17,0,1700s,31.854,102
2832,1992,17,1701,1701,18.482,102
2833,1992,17,1798,1798,61.292,102
2835,1992,20,2000,2000,39.442,102
2836,1992,20,0,2000s,48.653,102
2837,1992,20,2004,2004,82.242,102
2844,1992,21,0,2100s,85.64,102
2845,1992,21,2105,2105,,102
2867,1992,99,,,70.851,102
2869,1993,10,0,1000s,78.054,103
2870,1993,10,1001,1001,77.672,103
2871,1993,10,1002,1002,82.454,103
2878,1993,12,1200,1200,,103
2879,1993,12,0,1200s,55.935,103
2880,1993,12,1203,1203,88.921,103
2881,1993,12,1210,1210,18.471,103
2882,1993,12,1211,1211,84.43,103
2883,1993,12,1212,1212,76.248,103
2884,1993,13,1300,1300,70.611,103
2885,1993,13,0,1300s,54.94,103
2886,1993,13,1302,1302,52.238,103
2887,1993,14,1403,1403,70.918,103
2888,1993,15,1500,1500,56.188,103
2889,1993,15,0,1500s,55.523,103
2890,1993,15,1525,1525,,103
2891,1993,16,1600,1600,62.505,103
2892,1993,17,0,1700s,27.913,103
2893,1993,17,1701,1701,14.211,103
2894,1993,17,1798,1798,61.295,103
2896,1993,20,2000,2000,35.861,103
2897,1993,20,0,2000s,45.108,103
2898,1993,20,2004,2004,82.242,103
2905,1993,21,0,2100s,82.542,103
2906,1993,21,2105,2105,,103
2928,1993,99,,,70.501,103
2930,1994,10,0,1000s,81.382,103
2931,1994,10,1001,1001,81.038,103
2932,1994,10,1002,1002,85.333,103
2939,1994,12,1200,1200,72.739,103
2940,1994,12,0,1200s,55.303,103
2941,1994,12,1203,1203,87.911,103
2942,1994,12,1210,1210,17.273,103
2943,1994,12,1211,1211,82.535,103
2944,1994,12,1212,1212,75.626,103
2945,1994,13,1300,1300,68.279,103
2946,1994,13,0,1300s,49.878,103
2947,1994,13,1302,1302,46.405,103
2948,1994,14,1403,1403,70.678,103
2949,1994,15,1500,1500,59.836,103
2950,1994,15,0,1500s,59.716,103
2951,1994,15,1525,1525,,103
2952,1994,16,1600,1600,57.488,103
2953,1994,17,0,1700s,31.037,103
2954,1994,17,1701,1701,15.404,103
2955,1994,17,1798,1798,61.295,103
2957,1994,20,2000,2000,34.553,103
2958,1994,20,0,2000s,43.79,103
2959,1994,20,2004,2004,82.242,103
2966,1994,21,0,2100s,81.391,103
2967,1994,21,2105,2105,,103
2989,1994,99,,,68.664,103
2991,1995,10,0,1000s,78.749,104
2992,1995,10,1001,1001,78.389,104
2993,1995,10,1002,1002,84.026,104
3000,1995,12,1200,1200,71.292,104
3001,1995,12,0,1200s,55.937,104
3002,1995,12,1203,1203,85.997,104
3003,1995,12,1210,1210,19.69,104
3004,1995,12,1211,1211,80.781,104
3005,1995,12,1212,1212,72.906,104
3006,1995,13,1300,1300,66.233,104
3007,1995,13,0,1300s,52.934,104
3008,1995,13,1302,1302,50.206,104
3009,1995,14,1403,1403,70.167,104
3010,1995,15,1500,1500,58.729,104
3011,1995,15,0,1500s,59.269,104
3012,1995,15,1525,1525,,104
3013,1995,16,1600,1600,55.421,104
3014,1995,17,0,1700s,37.199,104
3015,1995,17,1701,1701,19.089,104
3016,1995,17,1798,1798,61.295,104
3018,1995,20,2000,2000,27.272,104
3019,1995,20,0,2000s,39.612,104
3020,1995,20,2004,2004,82.242,104
3027,1995,21,0,2100s,82.811,104
3028,1995,21,2105,2105,,104
3050,1995,99,,,70.484,104
3052,1996,10,0,1000s,76.126,104
3053,1996,10,1001,1001,75.74,104
3054,1996,10,1002,1002,81.71,104
3061,1996,12,1200,1200,70.553,104
3062,1996,12,0,1200s,53.806,104
3063,1996,12,1203,1203,84.305,104
3064,1996,12,1210,1210,18.029,104
3065,1996,12,1211,1211,79.33,104
3066,1996,12,1212,1212,74.944,104
3067,1996,13,1300,1300,62.73,104
3068,1996,13,0,1300s,50.372,104
3069,1996,13,1302,1302,47.367,104
3070,1996,14,1403,1403,69.523,104
3071,1996,15,1500,1500,59.353,104
3072,1996,15,0,1500s,59.86,104
3073,1996,15,1525,1525,,104
3074,1996,16,1600,1600,53.127,104
3075,1996,17,0,1700s,41.466,104
3076,1996,17,1701,1701,21.618,104
3077,1996,17,1798,1798,61.295,104
3079,1996,20,2000,2000,31.304,104
3080,1996,20,0,2000s,40.854,104
3081,1996,20,2004,2004,82.547,104
3088,1996,21,0,2100s,85.012,104
3089,1996,21,2105,2105,,104
3111,1996,99,,,69.191,104
3113,1997,10,0,1000s,76.313,105
3114,1997,10,1001,1001,75.925,105
3115,1997,10,1002,1002,81.64,105
3122,1997,12,1200,1200,71.419,105
3123,1997,12,0,1200s,49.93,105
3124,1997,12,1203,1203,85.344,105
3125,1997,12,1210,1210,17.543,105
3126,1997,12,1211,1211,77.966,105
3127,1997,12,1212,1212,78.264,105
3128,1997,13,1300,1300,66.935,105
3129,1997,13,0,1300s,52.597,105
3130,1997,13,1302,1302,49.428,105
3131,1997,14,1403,1403,69.052,105
3132,1997,15,1500,1500,59.558,105
3133,1997,15,0,1500s,59.498,105
3134,1997,15,1525,1525,,105
3135,1997,16,1600,1600,46.567,105
3136,1997,17,0,1700s,41.189,105
3137,1997,17,1701,1701,21.624,105
3138,1997,17,1798,1798,61.295,105
3140,1997,20,2000,2000,32.813,105
3141,1997,20,0,2000s,42.095,105
3142,1997,20,2004,2004,86.511,105
3149,1997,21,0,2100s,85.738,105
3150,1997,21,2105,2105,,105
3172,1997,99,,,67.5,105
3174,1998,10,0,1000s,76.5,105
3175,1998,10,1001,1001,76.11,105
3176,1998,10,1002,1002,81.616,105
3183,1998,12,1200,1200,71.419,105
3184,1998,12,0,1200s,51.305,105
3185,1998,12,1203,1203,86.409,105
3186,1998,12,1210,1210,19.607,105
3187,1998,12,1211,1211,76.903,105
3188,1998,12,1212,1212,81.078,105
3189,1998,13,1300,1300,68.775,105
3190,1998,13,0,1300s,52.421,105
3191,1998,13,1302,1302,49.393,105
3192,1998,14,1403,1403,68.504,105
3193,1998,15,1500,1500,57.901,105
3194,1998,15,0,1500s,58.235,105
3195,1998,15,1525,1525,,105
3196,1998,16,1600,1600,42.327,105
3197,1998,17,0,1700s,40.664,105
3198,1998,17,1701,1701,21.4,105
3199,1998,17,1798,1798,61.295,105
3201,1998,20,2000,2000,33.759,105
3202,1998,20,0,2000s,43.128,105
3203,1998,20,2004,2004,86.511,105
3210,1998,21,0,2100s,86.108,105
3211,1998,21,2105,2105,,105
3233,1998,99,,,65.943,105
3235,1999,10,0,1000s,79.499,106
3236,1999,10,1001,1001,78.97,106
3237,1999,10,1002,1002,79.537,106
3244,1999,12,1200,1200,71.419,106
3245,1999,12,0,1200s,52.825,106
3246,1999,12,1203,1203,87.285,106
3247,1999,12,1210,1210,18.762,106
3248,1999,12,1211,1211,78.744,106
3249,1999,12,1212,1212,76.186,106
3250,1999,13,1300,1300,69.142,106
3251,1999,13,0,1300s,56.155,106
3252,1999,13,1302,1302,53.89,106
3253,1999,14,1403,1403,69.775,106
3254,1999,15,1500,1500,56.82,106
3255,1999,15,0,1500s,57.218,106
3256,1999,15,1525,1525,,106
3257,1999,16,1600,1600,30.001,106
3258,1999,17,0,1700s,43.26,106
3259,1999,17,1701,1701,23.022,106
3260,1999,17,1798,1798,61.295,106
3262,1999,20,2000,2000,41.703,106
3263,1999,20,0,2000s,47.835,106
3264,1999,20,2004,2004,86.511,106
3271,1999,21,0,2100s,87.426,106
3272,1999,21,2105,2105,,106
3294,1999,99,,,65.902,106
3296,2000,10,0,1000s,82.445,106
3297,2000,10,1001,1001,81.83,106
3298,2000,10,1002,1002,76.247,106
3305,2000,12,1200,1200,73.507,106
3306,2000,12,0,1200s,54.077,106
3307,2000,12,1203,1203,87.997,106
3308,2000,12,1210,1210,20.257,106
3309,2000,12,1211,1211,80.518,106
3310,2000,12,1212,1212,75.773,106
3311,2000,13,1300,1300,65.602,106
3312,2000,13,0,1300s,54.025,106
3313,2000,13,1302,1302,53.116,106
3314,2000,14,1403,1403,71.321,106
3315,2000,15,1500,1500,56.62,106
3316,2000,15,0,1500s,56.978,106
3317,2000,15,1525,1525,,106
3318,2000,16,1600,1600,27.511,106
3319,2000,17,0,1700s,45.917,106
3320,2000,17,1701,1701,24.604,106
3321,2000,17,1798,1798,61.295,106
3323,2000,20,2000,2000,36.753,106
3324,2000,20,0,2000s,46.757,106
3325,2000,20,2004,2004,86.511,106
3332,2000,21,0,2100s,89.075,106
3333,2000,21,2105,2105,,106
3355,2000,99,,,64.777,106
3357,2001,10,0,1000s,79.935,107
3358,2001,10,1001,1001,79.281,107
3359,2001,10,1002,1002,75.835,107
3366,2001,12,1200,1200,74.773,107
3367,2001,12,0,1200s,53.393,107
3368,2001,12,1203,1203,87.154,107
3369,2001,12,1210,1210,21.449,107
3370,2001,12,1211,1211,78.571,107
3371,2001,12,1212,1212,72.538,107
3372,2001,13,1300,1300,68.41,107
3373,2001,13,0,1300s,56.356,107
3374,2001,13,1302,1302,54.079,107
3375,2001,14,1403,1403,68.208,107
3376,2001,15,1500,1500,57.948,107
3377,2001,15,0,1500s,58.243,107
3378,2001,15,1525,1525,,107
3379,2001,16,1600,1600,16.156,107
3380,2001,17,0,1700s,44.445,107
3381,2001,17,1701,1701,24.715,107
3382,2001,17,1798,1798,61.295,107
3384,2001,20,2000,2000,37.376,107
3385,2001,20,0,2000s,46.309,107
3386,2001,20,2004,2004,86.511,107
3393,2001,21,0,2100s,89.531,107
3394,2001,21,2105,2105,,107
3416,2001,99,,,65.147,107
3418,2002,10,0,1000s,77.389,107
3419,2002,10,1001,1001,76.732,107
3420,2002,10,1002,1002,75.342,107
3427,2002,12,1200,1200,74.642,107
3428,2002,12,0,1200s,50.951,107
3429,2002,12,1203,1203,86.34,107
3430,2002,12,1210,1210,22.182,107
3431,2002,12,1211,1211,76.621,107
3432,2002,12,1212,1212,70.049,107
3433,2002,13,1300,1300,68.93,107
3434,2002,13,0,1300s,57.057,107
3435,2002,13,1302,1302,54.091,107
3436,2002,14,1403,1403,64.28,107
3437,2002,15,1500,1500,60.227,107
3438,2002,15,0,1500s,61.768,107
3439,2002,15,1525,1525,,107
3440,2002,16,1600,1600,20.548,107
3441,2002,17,0,1700s,43.921,107
3442,2002,17,1701,1701,24.465,107
3443,2002,17,1798,1798,61.295,107
3445,2002,20,2000,2000,41.816,107
3446,2002,20,0,2000s,49.106,107
3447,2002,20,2004,2004,86.511,107
3454,2002,21,0,2100s,89.691,107
3455,2002,21,2105,2105,,107
3477,2002,99,,,64.308,107
3479,2003,10,0,1000s,77.663,108
3480,2003,10,1001,1001,77.064,108
3481,2003,10,1002,1002,73.625,108
3488,2003,12,1200,1200,70.801,108
3489,2003,12,0,1200s,49.633,108
3490,2003,12,1203,1203,85.929,108
3491,2003,12,1210,1210,22.134,108
3492,2003,12,1211,1211,78.602,108
3493,2003,12,1212,1212,64.359,108
3494,2003,13,1300,1300,69.122,108
3495,2003,13,0,1300s,58.954,108
3496,2003,13,1302,1302,55.522,108
3497,2003,14,1403,1403,64.606,108
3498,2003,15,1500,1500,59.681,108
3499,2003,15,0,1500s,61.238,108
3500,2003,15,1525,1525,,108
3501,2003,16,1600,1600,23.973,108
3502,2003,17,0,1700s,46.3,108
3503,2003,17,1701,1701,25.187,108
3504,2003,17,1798,1798,70.244,108
3506,2003,20,2000,2000,41.63,108
3507,2003,20,0,2000s,49.829,108
3508,2003,20,2004,2004,86.511,108
3515,2003,21,0,2100s,86.236,108
3516,2003,21,2105,2105,,108
3538,2003,99,,,64.177,108
3540,2004,10,0,1000s,78.031,108
3541,2004,10,1001,1001,77.396,108
3542,2004,10,1002,1002,71.228,108
3549,2004,12,1200,1200,66.96,108
3550,2004,12,0,1200s,52.032,108
3551,2004,12,1203,1203,85.619,108
3552,2004,12,1210,1210,23.329,108
3553,2004,12,1211,1211,80.603,108
3554,2004,12,1212,1212,68.284,108
3555,2004,13,1300,1300,73.035,108
3556,2004,13,0,1300s,58.985,108
3557,2004,13,1302,1302,56.853,108
3558,2004,14,1403,1403,65.118,108
3559,2004,15,1500,1500,57.955,108
3560,2004,15,0,1500s,59.711,108
3561,2004,15,1525,1525,,108
3562,2004,16,1600,1600,26.607,108
3563,2004,17,0,1700s,47.438,108
3564,2004,17,1701,1701,25.809,108
3565,2004,17,1798,1798,80.223,108
3567,2004,20,2000,2000,42.783,108
3568,2004,20,0,2000s,50.326,108
3569,2004,20,2004,2004,86.511,108
3576,2004,21,0,2100s,81.604,108
3577,2004,21,2105,2105,,108
3599,2004,99,,,62.724,108
3601,2005,10,0,1000s,79.635,109
3602,2005,10,1001,1001,79.103,109
3603,2005,10,1002,1002,73.533,109
3610,2005,12,1200,1200,60.202,109
3611,2005,12,0,1200s,53.064,109
3612,2005,12,1203,1203,87.93,109
3613,2005,12,1210,1210,23.443,109
3614,2005,12,1211,1211,78.667,109
3615,2005,12,1212,1212,68.963,109
3616,2005,13,1300,1300,78.241,109
3617,2005,13,0,1300s,59.722,109
3618,2005,13,1302,1302,57.637,109
3619,2005,14,1403,1403,65.974,109
3620,2005,15,1500,1500,58.874,109
3621,2005,15,0,1500s,60.314,109
3622,2005,15,1525,1525,,109
3623,2005,16,1600,1600,30.65,109
3624,2005,17,0,1700s,51.966,109
3625,2005,17,1701,1701,27.634,109
3626,2005,17,1798,1798,87.472,109
3628,2005,20,2000,2000,43.461,109
3629,2005,20,0,2000s,48.538,109
3630,2005,20,2004,2004,86.511,109
3637,2005,21,0,2100s,82.505,109
3638,2005,21,2105,2105,,109
3660,2005,99,,,64.063,109
3662,2006,10,0,1000s,81.28,109
3663,2006,10,1001,1001,80.811,109
3664,2006,10,1002,1002,77.264,109
3671,2006,12,1200,1200,60.201,109
3672,2006,12,0,1200s,52.325,109
3673,2006,12,1203,1203,90.039,109
3674,2006,12,1210,1210,24.382,109
3675,2006,12,1211,1211,76.702,109
3676,2006,12,1212,1212,69.884,109
3677,2006,13,1300,1300,80.484,109
3678,2006,13,0,1300s,60.872,109
3679,2006,13,1302,1302,58.208,109
3680,2006,14,1403,1403,67.287,109
3681,2006,15,1500,1500,57.424,109
3682,2006,15,0,1500s,58.383,109
3683,2006,15,1525,1525,,109
3684,2006,16,1600,1600,32.976,109
3685,2006,17,0,1700s,53.824,109
3686,2006,17,1701,1701,28.738,109
3687,2006,17,1798,1798,93.279,109
3689,2006,20,2000,2000,43.634,109
3690,2006,20,0,2000s,49.233,109
3691,2006,20,2004,2004,90.473,109
3698,2006,21,0,2100s,84.95,109
3699,2006,21,2105,2105,,109
3721,2006,99,,,63.177,109
3723,2007,10,0,1000s,83.808,110
3724,2007,10,1001,1001,83.421,110
3725,2007,10,1002,1002,80.082,110
3732,2007,12,1200,1200,60.201,110
3733,2007,12,0,1200s,54.146,110
3734,2007,12,1203,1203,88.185,110
3735,2007,12,1210,1210,24.565,110
3736,2007,12,1211,1211,76.695,110
3737,2007,12,1212,1212,68.863,110
3738,2007,13,1300,1300,78.204,110
3739,2007,13,0,1300s,60.936,110
3740,2007,13,1302,1302,58.151,110
3741,2007,14,1403,1403,67.952,110
3742,2007,15,1500,1500,58.868,110
3743,2007,15,0,1500s,59.852,110
3744,2007,15,1525,1525,,110
3745,2007,16,1600,1600,45.959,110
3746,2007,17,0,1700s,51.098,110
3747,2007,17,1701,1701,27.366,110
3748,2007,17,1798,1798,89.016,110
3750,2007,20,2000,2000,42.948,110
3751,2007,20,0,2000s,49.031,110
3752,2007,20,2004,2004,,110
3759,2007,21,0,2100s,85.936,110
3760,2007,21,2105,2105,,110
3782,2007,99,,,62.802,110
3784,2008,10,0,1000s,86.331,110
3785,2008,10,1001,1001,86.03,110
3786,2008,10,1002,1002,84.052,110
3793,2008,12,1200,1200,53.446,110
3794,2008,12,0,1200s,53.31,110
3795,2008,12,1203,1203,86.354,110
3796,2008,12,1210,1210,25.472,110
3797,2008,12,1211,1211,76.91,110
3798,2008,12,1212,1212,69.194,110
3799,2008,13,1300,1300,77.859,110
3800,2008,13,0,1300s,60.944,110
3801,2008,13,1302,1302,58.126,110
3802,2008,14,1403,1403,68.691,110
3803,2008,15,1500,1500,59.471,110
3804,2008,15,0,1500s,61.256,110
3805,2008,15,1525,1525,,110
3806,2008,16,1600,1600,38.71,110
3807,2008,17,0,1700s,49.42,110
3808,2008,17,1701,1701,26.356,110
3809,2008,17,1798,1798,86.473,110
3811,2008,20,2000,2000,43.653,110
3812,2008,20,0,2000s,49.407,110
3813,2008,20,2004,2004,,110
3820,2008,21,0,2100s,86.588,110
3821,2008,21,2105,2105,,110
3843,2008,99,,,63.278,110
3845,2009,10,0,1000s,82.939,111
3846,2009,10,1001,1001,82.622,111
3847,2009,10,1002,1002,83.001,111
3854,2009,12,1200,1200,,111
3855,2009,12,0,1200s,50.525,111
3856,2009,12,1203,1203,85.415,111
3857,2009,12,1210,1210,25.213,111
3858,2009,12,1211,1211,74.716,111
3859,2009,12,1212,1212,62.28,111
3860,2009,13,1300,1300,67.095,111
3861,2009,13,0,1300s,54.852,111
3862,2009,13,1302,1302,52.03,111
3863,2009,14,1403,1403,64.689,111
3864,2009,15,1500,1500,60.384,111
3865,2009,15,0,1500s,62.973,111
3866,2009,15,1525,1525,,111
3867,2009,16,1600,1600,36.676,111
3868,2009,17,0,1700s,52.03,111
3869,2009,17,1701,1701,28.859,111
3870,2009,17,1798,1798,84.083,111
3872,2009,20,2000,2000,40.981,111
3873,2009,20,0,2000s,48.787,111
3874,2009,20,2004,2004,,111
3881,2009,21,0,2100s,85.93,111
3882,2009,21,2105,2105,,111
3904,2009,99,,,62.43,111
3906,2010,10,0,1000s,79.566,111
3907,2010,10,1001,1001,79.213,111
3908,2010,10,1002,1002,81.357,111
3915,2010,12,1200,1200,,111
3916,2010,12,0,1200s,48.189,111
3917,2010,12,1203,1203,84.705,111
3918,2010,12,1210,1210,25.613,111
3919,2010,12,1211,1211,72.721,111
3920,2010,12,1212,1212,60.257,111
3921,2010,13,1300,1300,64.577,111
3922,2010,13,0,1300s,54.123,111
3923,2010,13,1302,1302,50.742,111
3924,2010,14,1403,1403,58.974,111
3925,2010,15,1500,1500,57.538,111
3926,2010,15,0,1500s,59.061,111
3927,2010,15,1525,1525,,111
3928,2010,16,1600,1600,33.608,111
3929,2010,17,0,1700s,55.421,111
3930,2010,17,1701,1701,31.029,111
3931,2010,17,1798,1798,80.429,111
3933,2010,20,2000,2000,36.807,111
3934,2010,20,0,2000s,46.524,111
3935,2010,20,2004,2004,,111
3942,2010,21,0,2100s,84.879,111
3943,2010,21,2105,2105,,111
3965,2010,99,,,61.027,111
3967,2011,10,0,1000s,,112
3968,2011,10,1001,1001,,112
3969,2011,10,1002,1002,,112
3976,2011,12,1200,1200,,112
3977,2011,12,0,1200s,47.363,112
3978,2011,12,1203,1203,,112
3979,2011,12,1210,1210,27.972,112
3980,2011,12,1211,1211,,112
3981,2011,12,1212,1212,59.363,112
3982,2011,13,1300,1300,65.425,112
3983,2011,13,0,1300s,51.533,112
3984,2011,13,1302,1302,47.508,112
3985,2011,14,1403,1403,,112
3986,2011,15,1500,1500,56.2,112
3987,2011,15,0,1500s,57.582,112
3988,2011,15,1525,1525,,112
3989,2011,16,1600,1600,42.501,112
3990,2011,17,0,1700s,,112
3991,2011,17,1701,1701,,112
3992,2011,17,1798,1798,,112
3994,2011,20,2000,2000,33.702,112
3995,2011,20,0,2000s,44.583,112
3996,2011,20,2004,2004,,112
4003,2011,21,0,2100s,,112
4004,2011,21,2105,2105,,112
4026,2011,99,,,,112
4027,1952,99,,,47.703,82
4028,1953,99,,,54.021,83
4029,1954,99,,,52.015,83
4030,1955,99,,,56.397,84
4031,1956,99,,,58.646,84
4032,1957,99,,,60.316,85
4033,1958,99,,,64.726,85
4034,1959,99,,,65.139,86
4035,1960,99,,,64.071,86
4036,1961,99,,,67.631,87
4037,1962,99,,,67.166,87
4038,1963,99,,,64.899,88
4039,1964,99,,,61.438,88
4040,1965,99,,,64.798,89
4041,1966,99,,,65.899,89
4042,1967,99,,,64.178,90
4043,1968,99,,,64.014,90
4044,1969,99,,,59.189,91
4045,1970,99,,,60.883,91
4046,1971,99,,,63.256,92
4047,1972,99,,,62.321,92
4048,1973,99,,,58.31,93
4049,1974,99,,,60.574,93
4050,1975,99,,,58.037,94
4051,1976,99,,,55.653,94
4052,1977,99,,,53.221,95
4053,1978,99,,,52.825,95
4054,1979,99,,,50.993,96
4055,1980,99,,,50.084,96
4056,1981,99,,,51.67,97
4057,1982,99,,,52.369,97
4058,1983,99,,,53.951,98
4059,1984,99,,,55.638,98
4060,1985,99,,,55.588,99
4061,1986,99,,,56.75,99
4062,1987,99,,,59.512,100
4063,1988,99,,,59.753,100
4064,1989,99,,,59.981,101
4065,1990,99,,,59.801,101
4066,1991,99,,,60.368,102
4067,1992,99,,,59.365,102
4068,1993,99,,,57.04,103
4069,1994,99,,,53.683,103
4070,1995,99,,,52.64,104
4071,1996,99,,,53.266,104
4072,1997,99,,,54.338,105
4073,1998,99,,,55.277,105
4074,1999,99,,,55.516,106
4075,2000,99,,,56.381,106
4076,2001,99,,,54.94,107
4077,2002,99,,,56.862,107
4078,2003,99,,,59.593,108
4079,2004,99,,,59.161,108
4080,2005,99,,,60.165,109
4081,2006,99,,,61.447,109
4082,2007,99,,,60.828,110
4083,2008,99,,,62.639,110
4084,2009,99,,,62.641,111
4085,2010,99,,,58.959,111
4086,2011,99,,,58.23,112
